kind,item,share_of_stops_pct,median_hours,minutes,period,source
stop,Rest/meals,31.5,5.6,,2025,"NCTTCA Transport Observatory Report 21st ed. (2026), Figure 11 (driver mobile data)"
stop,Weighbridge,17.4,0.2,,2025,"NCTTCA Transport Observatory Report 21st ed. (2026), Figure 11"
stop,Border post procedures,9.3,6.77,,2025,"NCTTCA Transport Observatory Report 21st ed. (2026), Figure 11"
stop,Others,8.9,1.73,,2025,"NCTTCA Transport Observatory Report 21st ed. (2026), Figure 11"
stop,Fueling/checking vehicle,6.9,0.65,,2025,"NCTTCA Transport Observatory Report 21st ed. (2026), Figure 11"
stop,Personal reasons,6.4,0.47,,2025,"NCTTCA Transport Observatory Report 21st ed. (2026), Figure 11"
stop,Road condition,5.5,0.97,,2025,"NCTTCA Transport Observatory Report 21st ed. (2026), Figure 11"
stop,Customs checks,4.8,0.35,,2025,"NCTTCA Transport Observatory Report 21st ed. (2026), Figure 11"
stop,Police/other security checks,4.5,0.17,,2025,"NCTTCA Transport Observatory Report 21st ed. (2026), Figure 11"
stop,Company checkpoints,3.3,0.42,,2025,"NCTTCA Transport Observatory Report 21st ed. (2026), Figure 11"
stop,Vehicle breakdowns,1.1,2.24,,2025,"NCTTCA Transport Observatory Report 21st ed. (2026), Figure 11"
stop,Insecurity and journey planning,0.3,7.05,,2025,"NCTTCA Transport Observatory Report 21st ed. (2026), Figure 11 (share printed as 0-3%)"
border,Malaba,,,48,2025,"NCTTCA Transport Observatory Report 21st ed. (2026), section 6.7 (GPS, entry to exit incl. both sides)"
border,Busia,,,153,2025,"NCTTCA Transport Observatory Report 21st ed. (2026), section 6.7 (GPS, 2.55 h)"
