corridor,origin,destination,direction,km_reported,hours,method,period,source
kampala_malaba,Kampala,Malaba,outbound,218,17,GPS,2025,"NCTTCA Transport Observatory Report 21st ed. (2026), Table 41"
kampala_malaba,Kampala,Malaba,outbound,218,54,RECTS,2025,"NCTTCA Transport Observatory Report 21st ed. (2026), Table 41"
kampala_malaba,Kampala,Malaba,outbound,236,24,RECTS,2026H1,"NCTTCA Biannual Report Jan-Jun 2026, Table 7"
kampala_malaba,Malaba,Kampala,inbound,235,18,GPS,2025,"NCTTCA Transport Observatory Report 21st ed. (2026), Table 41"
kampala_malaba,Malaba,Kampala,inbound,235,35,RECTS,2025,"NCTTCA Transport Observatory Report 21st ed. (2026), Table 41"
kampala_malaba,Malaba,Kampala,inbound,217,23,RECTS,2026H1,"NCTTCA Biannual Report Jan-Jun 2026, Table 8"
kampala_elegu,Kampala,Elegu,outbound,437,37,RECTS,2025,"NCTTCA Transport Observatory Report 21st ed. (2026), Table 41"
kampala_elegu,Kampala,Elegu,outbound,457,29,RECTS,2026H1,"NCTTCA Biannual Report Jan-Jun 2026, Table 7"
kampala_elegu,Elegu,Kampala,inbound,436,48,RECTS,2026H1,"NCTTCA Biannual Report Jan-Jun 2026, Table 8"
kampala_katuna,Kampala,Katuna,outbound,431,46,RECTS,2025,"NCTTCA Transport Observatory Report 21st ed. (2026), Table 41"
kampala_katuna,Kampala,Gatuna,outbound,432,40,RECTS,2026H1,"NCTTCA Biannual Report Jan-Jun 2026, Table 7"
kampala_katuna,Katuna,Kampala,inbound,431,18,GPS,2025,"NCTTCA Transport Observatory Report 21st ed. (2026), Table 41"
kampala_katuna,Katuna,Kampala,inbound,431,65,RECTS,2025,"NCTTCA Transport Observatory Report 21st ed. (2026), Table 41"
kampala_katuna,Katuna,Kampala,inbound,430,48,RECTS,2026H1,"NCTTCA Biannual Report Jan-Jun 2026, Table 8"
kampala_bwera,Kampala,Mpondwe,outbound,430,75,RECTS,2025,"NCTTCA Transport Observatory Report 21st ed. (2026), Table 41"
kampala_bwera,Kampala,Mpondwe,outbound,462,49,RECTS,2026H1,"NCTTCA Biannual Report Jan-Jun 2026, Table 7"
kampala_bwera,Mpondwe,Kampala,inbound,430,93,RECTS,2025,"NCTTCA Transport Observatory Report 21st ed. (2026), Table 41"
