corridor,name,search_names,feature,source
kampala_katuna,"Budo junction","Buddo;Budo","blind corner at junction","Daily Monitor, Black spots to watch out for on roads, 23 Dec 2018 (upd. 11 Jan 2021); identified by Uganda Police traffic officers"
kampala_katuna,"Nakati","Nakati","climbing lane, sharp corner","Daily Monitor, Black spots to watch out for on roads, 23 Dec 2018 (upd. 11 Jan 2021); identified by Uganda Police traffic officers"
kampala_katuna,"Katende","Katende","valley, poor visibility","Daily Monitor, Black spots to watch out for on roads, 23 Dec 2018 (upd. 11 Jan 2021); identified by Uganda Police traffic officers"
kampala_katuna,"Mpigi junction","Mpigi","junction","Daily Monitor, Black spots to watch out for on roads, 23 Dec 2018 (upd. 11 Jan 2021); identified by Uganda Police traffic officers"
kampala_katuna,"Kampiringisa","Kampiringisa","sharp corner","Daily Monitor, Black spots to watch out for on roads, 23 Dec 2018 (upd. 11 Jan 2021); identified by Uganda Police traffic officers"
kampala_katuna,"Kalagala","Kalagala","trading centre junction","Daily Monitor, Black spots to watch out for on roads, 23 Dec 2018 (upd. 11 Jan 2021); identified by Uganda Police traffic officers"
kampala_katuna,"Kadduggala (Basudde corner)","Kaddugala;Kadduggala;Bajja","bend","Daily Monitor, Black spots to watch out for on roads, 23 Dec 2018 (upd. 11 Jan 2021); identified by Uganda Police traffic officers"
kampala_katuna,"Nyendo","Nyendo","roundabout","Daily Monitor, Black spots to watch out for on roads, 23 Dec 2018 (upd. 11 Jan 2021); identified by Uganda Police traffic officers"
kampala_katuna,"Kyabakuza","Kyabakuza","humps through trading centres","Daily Monitor, Black spots to watch out for on roads, 23 Dec 2018 (upd. 11 Jan 2021); identified by Uganda Police traffic officers"
kampala_katuna,"Kyabogo","Kyabogo","large bend, speeding","Daily Monitor, Black spots to watch out for on roads, 23 Dec 2018 (upd. 11 Jan 2021); identified by Uganda Police traffic officers"
kampala_katuna,"Mbarara expressway meeting point","Mbarara","junction","Daily Monitor, Black spots to watch out for on roads, 23 Dec 2018 (upd. 11 Jan 2021); identified by Uganda Police traffic officers"
kampala_katuna,"Bushenyi junction","Bushenyi Junction;Kakyeka","junction","Daily Monitor, Black spots to watch out for on roads, 23 Dec 2018 (upd. 11 Jan 2021); identified by Uganda Police traffic officers"
kampala_katuna,"Ntungamo-Rukungiri junction","Ntungamo","junction","Daily Monitor, Black spots to watch out for on roads, 23 Dec 2018 (upd. 11 Jan 2021); identified by Uganda Police traffic officers"
kampala_katuna,"Kabale","Kabale","multiple junctions, hills","Daily Monitor, Black spots to watch out for on roads, 23 Dec 2018 (upd. 11 Jan 2021); identified by Uganda Police traffic officers"
kampala_bwera,"Kiwawu","Kiwawu","hill, limited visibility","Daily Monitor, Black spots to watch out for on roads, 23 Dec 2018 (upd. 11 Jan 2021); identified by Uganda Police traffic officers"
kampala_bwera,"Kyengeza","Kyengeza","blind corner","Daily Monitor, Black spots to watch out for on roads, 23 Dec 2018 (upd. 11 Jan 2021); identified by Uganda Police traffic officers"
kampala_bwera,"Zigoti","Zigoti","pedestrians","Daily Monitor, Black spots to watch out for on roads, 23 Dec 2018 (upd. 11 Jan 2021); identified by Uganda Police traffic officers"
kampala_bwera,"Kagavu","Kagavu","guard rail","Daily Monitor, Black spots to watch out for on roads, 23 Dec 2018 (upd. 11 Jan 2021); identified by Uganda Police traffic officers"
kampala_bwera,"Nakitooro","Nakitooro;Nakitoro","valley, overtaking","Daily Monitor, Black spots to watch out for on roads, 23 Dec 2018 (upd. 11 Jan 2021); identified by Uganda Police traffic officers"
kampala_bwera,"Ndibulungi","Ndibulungi","corner","Daily Monitor, Black spots to watch out for on roads, 23 Dec 2018 (upd. 11 Jan 2021); identified by Uganda Police traffic officers"
kampala_bwera,"Wabigalo","Wabigalo","boda boda, market day","Daily Monitor, Black spots to watch out for on roads, 23 Dec 2018 (upd. 11 Jan 2021); identified by Uganda Police traffic officers"
kampala_bwera,"Buswabulongo","Buswabulongo","stretch needing humps","Daily Monitor, Black spots to watch out for on roads, 23 Dec 2018 (upd. 11 Jan 2021); identified by Uganda Police traffic officers"
kampala_bwera,"Kikumbi","Kikumbi","school junction","Daily Monitor, Black spots to watch out for on roads, 23 Dec 2018 (upd. 11 Jan 2021); identified by Uganda Police traffic officers"
kampala_bwera,"Naama","Naama","blind corner","Daily Monitor, Black spots to watch out for on roads, 23 Dec 2018 (upd. 11 Jan 2021); identified by Uganda Police traffic officers"
kampala_bwera,"Kamajungo swamp","Kamajungo","swamp stretch","Daily Monitor, Black spots to watch out for on roads, 23 Dec 2018 (upd. 11 Jan 2021); identified by Uganda Police traffic officers"
kampala_elegu,"Kakerenge (19 miles, Nanywa)","Kakerenge;Nanywa","sharp corner","Daily Monitor, Black spots to watch out for on roads, 23 Dec 2018 (upd. 11 Jan 2021); identified by Uganda Police traffic officers"
kampala_elegu,"Sanamu valley","Sanamu","junction to Bombo","Daily Monitor, Black spots to watch out for on roads, 23 Dec 2018 (upd. 11 Jan 2021); identified by Uganda Police traffic officers"
kampala_elegu,"Sinalya","Sinalya","steep hill, narrow","Daily Monitor, Black spots to watch out for on roads, 23 Dec 2018 (upd. 11 Jan 2021); identified by Uganda Police traffic officers"
kampala_elegu,"Nkondo","Nkondo","narrow, overtaking","Daily Monitor, Black spots to watch out for on roads, 23 Dec 2018 (upd. 11 Jan 2021); identified by Uganda Police traffic officers"
kampala_elegu,"Kibisi-Kaswa","Kibisi;Kaswa","black spot","Daily Monitor, Black spots to watch out for on roads, 23 Dec 2018 (upd. 11 Jan 2021); identified by Uganda Police traffic officers"
kampala_elegu,"Kikoma","Kikoma","sharp corner","Daily Monitor, Black spots to watch out for on roads, 23 Dec 2018 (upd. 11 Jan 2021); identified by Uganda Police traffic officers"
kampala_elegu,"Kiwumpa-Naluvule","Kiwumpa;Naluvule","no speed controls","Daily Monitor, Black spots to watch out for on roads, 23 Dec 2018 (upd. 11 Jan 2021); identified by Uganda Police traffic officers"
kampala_elegu,"Kasana-Luweero","Kasana;Luweero;Luwero","township, no signs","Daily Monitor, Black spots to watch out for on roads, 23 Dec 2018 (upd. 11 Jan 2021); identified by Uganda Police traffic officers"
kampala_elegu,"Nakazzi-Kyevunze","Nakazzi;Kyevunze","bridge","Daily Monitor, Black spots to watch out for on roads, 23 Dec 2018 (upd. 11 Jan 2021); identified by Uganda Police traffic officers"
kampala_elegu,"Kakoge","Kakoge;Kakooge","trading centre","Daily Monitor, Black spots to watch out for on roads, 23 Dec 2018 (upd. 11 Jan 2021); identified by Uganda Police traffic officers"
kampala_elegu,"Kyabutayika","Kyabutayika","black spot","Daily Monitor, Black spots to watch out for on roads, 23 Dec 2018 (upd. 11 Jan 2021); identified by Uganda Police traffic officers"
kampala_elegu,"Katugo trading centre","Katugo;Katuugo","trading centre","Daily Monitor, Black spots to watch out for on roads, 23 Dec 2018 (upd. 11 Jan 2021); identified by Uganda Police traffic officers"
kampala_elegu,"Kyankonwa","Kyankonwa;Kyamukonwa","black spot","Daily Monitor, Black spots to watch out for on roads, 23 Dec 2018 (upd. 11 Jan 2021); identified by Uganda Police traffic officers"
kampala_elegu,"Migyera","Migyera;Migeera","trading centre","Daily Monitor, Black spots to watch out for on roads, 23 Dec 2018 (upd. 11 Jan 2021); identified by Uganda Police traffic officers"
kampala_elegu,"Kapa-Buruli","Kapaburuli;Kapeeka;Buruli","black spot","Daily Monitor, Black spots to watch out for on roads, 23 Dec 2018 (upd. 11 Jan 2021); identified by Uganda Police traffic officers"
kampala_elegu,"Kyamukonda","Kyamukonda","black spot","Daily Monitor, Black spots to watch out for on roads, 23 Dec 2018 (upd. 11 Jan 2021); identified by Uganda Police traffic officers"
kampala_elegu,"Kyamukama","Kyamukama","black spot","Daily Monitor, Black spots to watch out for on roads, 23 Dec 2018 (upd. 11 Jan 2021); identified by Uganda Police traffic officers"
kampala_elegu,"Bujabe","Bujabe;Bujaabe","black spot","Daily Monitor, Black spots to watch out for on roads, 23 Dec 2018 (upd. 11 Jan 2021); identified by Uganda Police traffic officers"
kampala_elegu,"Kafu","Kafu","black spot","Daily Monitor, Black spots to watch out for on roads, 23 Dec 2018 (upd. 11 Jan 2021); identified by Uganda Police traffic officers"
kampala_elegu,"Nnalongo (Ndibulungi blind corner)","Nalongo;Nnalongo","blind corner","Daily Monitor, Black spots to watch out for on roads, 23 Dec 2018 (upd. 11 Jan 2021); identified by Uganda Police traffic officers"
kampala_elegu,"Ngaju","Ngaju","corner","Daily Monitor, Black spots to watch out for on roads, 23 Dec 2018 (upd. 11 Jan 2021); identified by Uganda Police traffic officers"
kampala_malaba,"Kitegga","Kitega;Kitegga","corner near Lugazi","Daily Monitor, Black spots to watch out for on roads, 23 Dec 2018 (upd. 11 Jan 2021); identified by Uganda Police traffic officers"
kampala_malaba,"Kisagazi","Kisagazi","no road signs","Daily Monitor, Black spots to watch out for on roads, 23 Dec 2018 (upd. 11 Jan 2021); identified by Uganda Police traffic officers"
kampala_malaba,"Kitigoma (Mabira)","Kitigoma","forest stretch","Daily Monitor, Black spots to watch out for on roads, 23 Dec 2018 (upd. 11 Jan 2021); identified by Uganda Police traffic officers"
kampala_malaba,"Nakibizzi (Mabira)","Nakibizzi","forest stretch","Daily Monitor, Black spots to watch out for on roads, 23 Dec 2018 (upd. 11 Jan 2021); identified by Uganda Police traffic officers"
kampala_malaba,"Mbiko (Mabira)","Mbiko","forest stretch","Daily Monitor, Black spots to watch out for on roads, 23 Dec 2018 (upd. 11 Jan 2021); identified by Uganda Police traffic officers"
kampala_malaba,"Najjembe","Najjembe","heavy pedestrian traffic","Daily Monitor, Black spots to watch out for on roads, 23 Dec 2018 (upd. 11 Jan 2021); identified by Uganda Police traffic officers"
kampala_malaba,"Namawojjolo","Namawojjolo","heavy pedestrian traffic","Daily Monitor, Black spots to watch out for on roads, 23 Dec 2018 (upd. 11 Jan 2021); identified by Uganda Police traffic officers"
kampala_malaba,"Namasoga","Namasoga","sharp, blind corners","Daily Monitor, Black spots to watch out for on roads, 23 Dec 2018 (upd. 11 Jan 2021); identified by Uganda Police traffic officers"
kampala_malaba,"Nakavule","Nakavule","pedestrian crossing","Daily Monitor, Black spots to watch out for on roads, 23 Dec 2018 (upd. 11 Jan 2021); identified by Uganda Police traffic officers"
kampala_malaba,"Busoba swamp","Busoba","swamp, trailer overturns","Daily Monitor, Black spots to watch out for on roads, 23 Dec 2018 (upd. 11 Jan 2021); identified by Uganda Police traffic officers"
kampala_malaba,"Kibimba bridge","Kibimba","straight road, speeding trailers","Daily Monitor, Black spots to watch out for on roads, 23 Dec 2018 (upd. 11 Jan 2021); identified by Uganda Police traffic officers"
kampala_malaba,"Idudi hump","Idudi","hump","Daily Monitor, Black spots to watch out for on roads, 23 Dec 2018 (upd. 11 Jan 2021); identified by Uganda Police traffic officers"
