corridor,hub,region,km,truck_min_per_100km,car_min_per_100km,settlement_share,town_share,open_share,buildings_100m_per_km,dual_share,controls_per_100km,growth_2000_2020,people_per_km,exposure_per_km
dar_es_salaam_road_dodoma,dar_es_salaam,East,455.0,34.783,21.67,0.484,0.18,0.336,115.574,0.078,4.835,0.563,1068.989,1.168
dar_es_salaam_t1_tunduma,dar_es_salaam,East,933.0,32.484,18.519,0.489,0.126,0.385,132.706,0.041,4.18,0.332,969.225,0.976
gaborone_a1_ramokgwebana,gaborone,Southern,500.5,9.223,6.263,0.188,0.03,0.782,14.761,0.172,5.594,0.469,75.68,0.142
harare_a1_chirundu,harare,Southern,347.5,12.832,6.68,0.206,0.03,0.764,20.006,0.007,3.453,0.453,150.495,0.259
harare_a4_beitbridge,harare,Southern,574.5,5.911,3.202,0.213,0.02,0.767,15.988,0.108,1.218,0.632,127.782,0.258
johannesburg_n3_durban,johannesburg,Southern,571.5,27.461,14.187,0.247,0.024,0.73,25.696,0.661,21.347,0.273,260.723,0.396
kampala_a1_malaba,kampala,East,212.5,57.584,36.284,0.569,0.28,0.151,330.273,0.096,11.294,0.262,1750.758,1.385
kampala_a2_katuna,kampala,East,423.5,38.823,19.71,0.686,0.129,0.185,211.044,0.008,3.07,0.457,901.587,0.848
kampala_a5_bwera,kampala,East,423.0,31.261,16.24,0.765,0.058,0.177,198.277,0.004,1.418,0.557,852.615,0.858
kampala_a6_elegu,kampala,East,430.5,26.121,16.751,0.642,0.129,0.229,162.943,0.0,2.555,0.607,777.54,0.882
kampala_a9_hoima,kampala,East,195.5,30.763,18.945,0.829,0.107,0.064,253.069,0.0,1.535,0.54,1307.673,1.18
kigali_nr3_gatuna,kigali,East,76.0,32.011,21.55,0.783,0.053,0.164,124.013,0.0,0.0,1.007,813.605,0.989
kigali_road_rusumo,kigali,East,159.0,44.709,32.112,0.77,0.195,0.035,305.006,0.028,0.629,0.712,1557.899,1.474
lusaka_t1_livingstone,lusaka,Southern,470.0,16.438,10.554,0.297,0.061,0.643,40.087,0.028,3.617,0.422,381.764,0.564
lusaka_t2_chirundu,lusaka,Southern,136.0,33.916,26.279,0.504,0.165,0.331,70.691,0.114,12.5,0.346,860.096,1.039
lusaka_t2_nakonde,lusaka,Southern,1019.5,11.074,6.247,0.427,0.029,0.544,38.446,0.091,2.648,0.569,250.861,0.384
maputo_en4_ressano_garcia,maputo,Southern,93.5,43.124,37.437,0.332,0.235,0.433,139.508,0.23,23.529,0.465,1168.118,1.001
nairobi_a8_malaba,nairobi,East,440.5,44.834,26.816,0.64,0.191,0.169,166.166,0.115,7.491,0.564,1211.344,1.411
nairobi_a8_mombasa,nairobi,East,481.0,18.599,9.377,0.476,0.069,0.455,64.198,0.15,3.534,0.957,438.123,0.611
pretoria_n1_beitbridge,pretoria,Southern,478.0,20.647,4.8,0.199,0.015,0.787,20.496,0.0,6.067,0.433,126.611,0.244
pretoria_n4_lebombo,pretoria,Southern,420.5,16.9,4.885,0.246,0.017,0.737,21.684,0.0,4.756,0.494,127.624,0.244
windhoek_b2_walvis_bay,windhoek,Southern,397.0,7.435,2.806,0.088,0.014,0.898,9.257,0.198,2.519,0.382,29.924,0.055
windhoek_b6_buitepos,windhoek,Southern,317.5,9.808,4.707,0.05,0.019,0.931,9.03,0.022,5.039,0.29,18.945,0.026
