corridor,km_from,km_to,place,fragility,water_crossings,wetland_share,heavy_days,low_lying
kampala_a1_malaba,166.0,168.0,Kibimba,25.59,2.0,1.0,1.35,17.25
kampala_a2_katuna,90.0,92.0,Kaziru,22.75,1.0,1.0,1.4,6.71
kampala_a2_katuna,96.0,98.0,Agip,21.36,0.0,1.0,1.4,13.92
kampala_a2_katuna,88.0,90.0,,21.17,0.0,1.0,1.4,11.6
kampala_a2_katuna,94.0,96.0,Kamuwunga,20.64,0.0,1.0,1.4,5.17
lusaka_t1_livingstone,146.0,148.0,,20.4,0.0,1.0,1.0,4.18
kampala_a2_katuna,92.0,94.0,Kaziru,20.25,0.0,1.0,1.4,0.45
kampala_a1_malaba,192.0,194.0,Pakamalung 'a',20.08,0.0,0.95,2.3,7.41
kampala_a2_katuna,56.0,58.0,Kalandazi Fr,19.61,0.0,0.9,0.85,23.32
kampala_a1_malaba,188.0,190.0,Malawa 'a',19.15,1.0,0.79,2.3,14.51
dar_es_salaam_t1_tunduma,4.0,6.0,Mzimuni,17.56,7.0,0.0,12.3,12.56
kigali_nr2_gisenyi,0.0,2.0,,16.74,3.0,0.0,2.1,148.52
kampala_a2_katuna,144.0,146.0,Kyoko,16.5,1.0,0.57,1.55,45.92
kampala_a2_katuna,38.0,40.0,Mpambire,15.21,1.0,0.58,1.35,27.96
kampala_a1_malaba,158.0,160.0,Nakonkolo,14.91,1.0,0.62,1.35,12.95
dar_es_salaam_t1_tunduma,2.0,4.0,Dar es Salaam,14.66,4.0,0.14,12.3,13.79
kampala_a2_katuna,58.0,60.0,Kanani,14.65,0.0,0.66,0.85,25.71
kampala_a2_katuna,50.0,52.0,Nabbuzi,12.52,0.0,0.57,0.85,24.41
kampala_a6_elegu,0.0,2.0,Katale,12.18,5.0,0.11,0.5,23.86
dar_es_salaam_road_dodoma,0.0,2.0,Mzimuni,11.88,4.0,0.0,12.25,16.26
kampala_a5_bwera,28.0,30.0,Nswanjere,11.69,0.0,0.55,0.45,20.91
kigali_nr1_huye,36.0,38.0,Kayumba,11.69,3.0,0.0,2.0,87.6
kampala_a1_malaba,154.0,156.0,Namayemba Central B,11.63,1.0,0.49,1.35,8.32
maputo_en4_ressano_garcia,4.0,6.0,Quarteirão 49,11.16,1.0,0.39,4.75,12.24
dodoma_t5_iringa,0.0,2.0,Dodoma city center,10.95,5.0,0.0,2.25,29.1
kampala_a1_malaba,186.0,188.0,Ndaiga,10.76,0.0,0.51,2.3,12.06
dar_es_salaam_t7_lindi,6.0,8.0,Mbagala,10.53,2.0,0.08,12.3,27.95
kampala_a5_bwera,16.0,18.0,Bwotansimbi Kiweesa Serug,10.52,2.0,0.29,0.45,28.46
dar_es_salaam_t1_tunduma,596.0,598.0,,10.28,1.0,0.33,3.35,23.66
johannesburg_n3_durban,524.0,526.0,Inchanga,9.97,3.0,0.0,3.1,61.45
kigali_road_rusumo,120.0,122.0,Cyunuzi,9.82,1.0,0.16,2.55,66.6
kampala_a9_hoima,2.0,4.0,Namugoona Roundabout,9.71,2.0,0.24,0.5,30.96
lusaka_t1_livingstone,148.0,150.0,,9.68,0.0,0.53,0.96,0.0
kigali_nr2_gisenyi,72.0,74.0,Rusenge,9.61,3.0,0.0,2.25,61.12
pretoria_n4_lebombo,232.0,234.0,Waterval Boven,9.59,3.0,0.0,6.85,38.63
nairobi_a2_moyale,136.0,138.0,Marua,9.51,1.0,0.0,11.2,64.99
nairobi_a2_moyale,114.0,116.0,Kibirigwi,9.43,1.0,0.0,11.6,62.1
windhoek_c26_194_km,142.0,144.0,,9.36,4.0,0.0,0.2,43.84
kigali_nr1_huye,140.0,142.0,Nyanza - Ngera sector,9.16,1.0,0.0,2.85,101.16
kigali_nr2_gisenyi,74.0,76.0,Muyaba Azira,9.03,4.0,0.0,2.25,29.9
kigali_nr2_gisenyi,2.0,4.0,,9.01,0.0,0.0,2.1,127.09
kampala_a5_bwera,26.0,28.0,Nkambo,8.69,0.0,0.39,0.45,27.82
johannesburg_n12_emalahleni,40.0,42.0,,8.52,1.0,0.27,2.35,23.07
nairobi_a8_malaba,352.0,354.0,Kipkarren,8.38,3.0,0.0,3.35,40.93
windhoek_c28_swakopmund,66.0,68.0,,8.32,4.0,0.0,0.25,30.93
kigali_nr1_huye,154.0,156.0,,8.32,1.0,0.0,3.85,86.01
kigali_nr2_gisenyi,30.0,32.0,Kinini Village,8.2,2.0,0.0,2.5,66.9
lusaka_t1_livingstone,72.0,74.0,,7.98,4.0,0.0,1.6,20.33
windhoek_c28_swakopmund,12.0,14.0,,7.92,3.0,0.0,0.45,49.28
kampala_a6_elegu,2.0,4.0,Corner,7.87,5.0,0.0,0.5,0.11
kigali_road_rusumo,148.0,150.0,Kurusozi,7.83,0.0,0.0,2.55,110.56
nairobi_a2_moyale,116.0,118.0,Kibirigwi,7.77,0.0,0.0,11.6,66.11
kigali_nr1_huye,38.0,40.0,Kivumu,7.73,1.0,0.0,2.0,87.84
johannesburg_n3_durban,526.0,528.0,,7.69,1.0,0.0,3.1,82.08
dodoma_t5_arusha,176.0,178.0,Soga,7.66,0.0,0.0,3.65,103.18
dar_es_salaam_t7_lindi,12.0,14.0,Kipala Mpakani,7.63,1.0,0.0,12.3,36.77
nairobi_a8_malaba,354.0,356.0,Kipkarren,7.61,1.0,0.0,3.35,79.84
dodoma_t5_arusha,174.0,176.0,Kolo,7.53,1.0,0.0,3.65,77.46
kampala_a5_bwera,112.0,114.0,Kyamwero,7.49,4.0,0.0,0.1,21.56
kigali_nr1_huye,2.0,4.0,Nyarugenge,7.45,4.0,0.0,2.1,11.48
johannesburg_n3_durban,542.0,544.0,,7.39,3.0,0.0,4.75,22.08
dar_es_salaam_t1_tunduma,856.0,858.0,Idiga Songwe,7.37,2.0,0.0,1.45,61.95
dar_es_salaam_t1_tunduma,434.0,436.0,Comfort,7.29,1.0,0.0,5.05,67.79
kampala_a9_hoima,48.0,50.0,Kibubula C,7.26,0.0,0.3,0.45,32.47
johannesburg_n3_durban,452.0,454.0,,7.25,2.0,0.0,2.05,57.6
nairobi_a2_moyale,78.0,80.0,,7.24,1.0,0.0,8.8,49.05
nairobi_a2_moyale,12.0,14.0,Githurai,7.23,2.0,0.0,9.3,22.32
windhoek_c28_swakopmund,64.0,66.0,,7.2,3.0,0.0,0.25,41.46
dar_es_salaam_t7_lindi,4.0,6.0,Azimio,7.09,2.0,0.0,12.3,6.13
kampala_a9_hoima,174.0,176.0,Kalongo,7.06,1.0,0.23,0.5,25.58
kampala_a5_bwera,72.0,74.0,Busundo-mpanga,7.03,0.0,0.34,0.4,21.89
lusaka_t1_livingstone,150.0,152.0,,6.98,0.0,0.38,0.95,5.21
kampala_a9_hoima,34.0,36.0,Gobero,6.94,0.0,0.33,0.45,21.83
windhoek_b2_walvis_bay,98.0,100.0,,6.89,4.0,0.0,0.25,13.56
kampala_a5_bwera,4.0,6.0,Busega,6.86,1.0,0.22,0.5,25.78
windhoek_c28_swakopmund,146.0,148.0,,6.83,1.0,0.0,0.1,86.02
kigali_nr1_huye,152.0,154.0,,6.77,1.0,0.0,3.85,67.23
pretoria_n1_cape_town,28.0,30.0,,6.77,2.0,0.0,3.25,45.94
nairobi_a8_malaba,186.0,188.0,Chepseon B,6.76,1.0,0.0,5.2,60.6
kigali_nr1_huye,130.0,132.0,Mukina,6.75,1.0,0.0,2.85,71.77
nairobi_a2_moyale,80.0,82.0,,6.7,1.0,0.0,8.8,42.48
kampala_a1_malaba,208.0,210.0,Asinge 'a',6.59,3.0,0.0,2.3,24.19
pretoria_n4_lebombo,110.0,112.0,,6.58,1.0,0.0,2.15,73.07
dodoma_t5_iringa,6.0,8.0,Chinyoya,6.57,4.0,0.0,2.25,0.0
windhoek_c26_194_km,140.0,142.0,,6.55,2.0,0.0,0.19,58.01
windhoek_c26_194_km,16.0,18.0,,6.54,2.0,0.0,0.45,56.7
nairobi_a2_moyale,40.0,42.0,,6.5,2.0,0.0,7.75,20.88
kigali_nr3_gatuna,40.0,42.0,Rusumo,6.48,2.0,0.0,2.85,44.33
nairobi_a2_namanga,142.0,144.0,Maili Tisa,6.48,2.0,0.0,5.65,30.8
kigali_nr1_huye,26.0,28.0,Rugobagoba,6.43,1.0,0.0,2.0,72.05
nairobi_a8_malaba,48.0,50.0,Kimende,6.42,0.0,0.0,13.2,41.91
dodoma_t5_iringa,140.0,142.0,,6.4,3.0,0.0,2.4,21.45
kigali_nr2_gisenyi,82.0,84.0,Murambi,6.38,2.0,0.0,2.25,46.05
dodoma_t5_arusha,184.0,186.0,,6.38,0.0,0.0,3.65,87.54
kampala_a6_elegu,324.0,326.0,Kal,6.36,2.0,0.15,0.75,13.0
johannesburg_n3_durban,396.0,398.0,,6.31,1.0,0.0,2.05,70.32
johannesburg_r25_groblersdal,8.0,10.0,Rembrandtpark,6.3,1.0,0.0,3.25,64.38
dar_es_salaam_road_dodoma,28.0,30.0,Uyaoni,6.29,1.0,0.0,12.2,21.05
dar_es_salaam_t1_tunduma,34.0,36.0,Uyaoni,6.27,1.0,0.0,11.72,23.1
pretoria_n1_cape_town,76.0,78.0,,6.24,2.0,0.0,2.25,44.28
johannesburg_n3_durban,498.0,500.0,Ashburton,6.2,1.0,0.0,2.35,67.56
nairobi_a8_malaba,50.0,52.0,Kimende,6.17,0.0,0.0,13.2,38.84
johannesburg_r59_dealesville,24.0,26.0,,6.15,3.0,0.0,2.5,17.9
dar_es_salaam_t1_tunduma,436.0,438.0,,6.1,0.0,0.0,5.05,77.47
nairobi_a2_namanga,86.0,88.0,Kumpa,6.1,2.0,0.0,4.85,30.03
pretoria_n14_springbok,38.0,40.0,,6.08,1.0,0.0,2.9,63.46
dar_es_salaam_t1_tunduma,20.0,22.0,,6.08,1.0,0.0,12.2,18.45
pretoria_n4_lebombo,352.0,354.0,,6.06,1.0,0.0,10.55,26.23
kigali_road_rusumo,146.0,148.0,Kurusozi,6.03,0.0,0.0,2.55,88.66
dar_es_salaam_road_dodoma,16.0,18.0,,6.03,1.0,0.0,12.2,17.83
lusaka_t2_chirundu,112.0,114.0,,6.02,3.0,0.0,1.8,19.71
kigali_nr2_gisenyi,148.0,150.0,Gisenyi,6.02,0.0,0.0,1.6,93.1
kigali_nr3_gatuna,26.0,28.0,Cyamutara,5.99,3.0,0.0,2.1,17.82
dar_es_salaam_t7_lindi,50.0,52.0,Kiparang'Anda B,5.98,0.0,0.0,12.25,41.2
pretoria_n4_lebombo,280.0,282.0,,5.92,2.0,0.0,8.43,10.64
kigali_nr2_gisenyi,84.0,86.0,Ruhundo,5.91,1.0,0.0,2.25,64.52
pretoria_n1_cape_town,42.0,44.0,Douglasdale Ext 99,5.91,2.0,0.0,3.03,36.54
pretoria_n1_cape_town,36.0,38.0,Rivonia Gardens,5.91,1.0,0.0,3.25,59.61
dar_es_salaam_road_dodoma,2.0,4.0,Kagera,5.88,1.0,0.0,12.2,16.01
nairobi_a8_malaba,404.0,406.0,Kanduyi,5.86,2.0,0.0,2.3,39.49
dar_es_salaam_t1_tunduma,582.0,584.0,,5.78,1.0,0.0,3.35,57.6
kigali_nr1_huye,122.0,124.0,Rwabuye,5.76,1.0,0.0,2.86,59.68
kigali_nr1_huye,142.0,144.0,,5.74,0.0,0.0,2.85,83.68
johannesburg_n12_emalahleni,84.0,86.0,,5.72,2.0,0.0,2.65,36.03
lusaka_t2_chirundu,132.0,134.0,Chirundu,5.67,3.0,0.0,1.1,18.79
windhoek_c28_swakopmund,124.0,126.0,,5.63,1.0,0.0,0.15,71.18
pretoria_n4_lebombo,216.0,218.0,,5.62,1.0,0.0,5.15,46.96
dodoma_t5_arusha,186.0,188.0,,5.62,0.0,0.0,3.65,78.35
nairobi_a2_namanga,90.0,92.0,Kumpa,5.61,3.0,0.0,4.85,0.0
johannesburg_n3_durban,394.0,396.0,,5.6,1.0,0.0,2.05,61.7
windhoek_b6_buitepos,18.0,20.0,,5.59,3.0,0.0,0.4,21.18
dar_es_salaam_t1_tunduma,28.0,30.0,,5.58,1.0,0.0,12.2,12.41
windhoek_c26_194_km,158.0,160.0,,5.58,3.0,0.0,0.15,22.26
harare_a1_chirundu,308.0,310.0,,5.56,2.0,0.0,1.65,38.95
nairobi_a2_moyale,134.0,136.0,Marua,5.55,0.0,0.0,11.2,41.03
johannesburg_n3_durban,522.0,524.0,Inchanga,5.54,2.0,0.0,2.75,33.36
johannesburg_n3_durban,314.0,316.0,,5.52,1.0,0.0,3.45,53.95
johannesburg_n3_durban,376.0,378.0,,5.51,2.0,0.0,2.0,36.63
dar_es_salaam_road_dodoma,22.0,24.0,,5.51,1.0,0.0,12.2,11.48
kampala_a5_bwera,74.0,76.0,Kyengeza (kigalama),5.48,0.0,0.26,0.4,21.68
windhoek_c26_194_km,128.0,130.0,,5.46,3.0,0.0,0.15,20.85
nairobi_a8_malaba,36.0,38.0,,5.46,0.0,0.0,10.65,42.59
nairobi_a2_namanga,102.0,104.0,Bisil,5.42,1.0,0.0,5.6,42.34
harare_r4_nyamapanda,72.0,74.0,,5.41,1.0,0.0,4.15,49.26
lusaka_t2_chirundu,104.0,106.0,,5.41,1.0,0.0,1.8,60.55
nairobi_a8_mombasa,438.0,440.0,Maji ya Chumvi,5.41,1.0,0.0,7.05,35.14
kampala_a5_bwera,304.0,306.0,Kyekumburwa A,5.39,2.0,0.0,0.45,42.72
kampala_a9_hoima,58.0,60.0,Wangoma,5.39,1.0,0.1,0.45,40.84
pretoria_n1_cape_town,34.0,36.0,Woodmead,5.38,1.0,0.0,3.25,53.21
johannesburg_r24_rustenburg,10.0,12.0,Bosmont,5.38,2.0,0.0,2.95,30.46
lusaka_t1_livingstone,402.0,404.0,,5.36,3.0,0.0,0.75,16.66
dodoma_t3_morogoro,160.0,162.0,,5.33,1.0,0.0,4.05,48.76
nairobi_a2_moyale,94.0,96.0,,5.32,1.0,0.0,11.6,12.13
dar_es_salaam_t7_lindi,36.0,38.0,Dundani,5.32,0.0,0.0,12.25,33.13
dar_es_salaam_t7_lindi,130.0,132.0,Kinyanya,5.32,0.0,0.0,9.6,45.89
nairobi_a8_malaba,222.0,224.0,Makutano,5.31,0.0,0.0,7.7,55.01
pretoria_n4_lebombo,338.0,340.0,,5.28,2.0,0.0,5.32,17.85
nairobi_a8_malaba,2.0,4.0,Parklands,5.28,1.0,0.0,6.25,37.43
nairobi_a2_moyale,76.0,78.0,,5.27,0.0,0.0,8.8,49.19
kampala_a6_elegu,322.0,324.0,Koro,5.25,2.0,0.13,0.75,5.53
pretoria_n1_cape_town,20.0,22.0,Randjespark,5.24,1.0,0.06,2.65,39.08
harare_r4_nyamapanda,54.0,56.0,,5.22,1.0,0.0,4.15,46.93
kigali_nr2_gisenyi,32.0,34.0,Buhande Village,5.22,1.0,0.0,2.48,55.0
kampala_a5_bwera,382.0,384.0,Kikorongo,5.21,2.0,0.0,0.42,40.57
nairobi_a8_mombasa,282.0,284.0,Tsavo,5.17,1.0,0.0,6.72,33.84
dar_es_salaam_road_dodoma,58.0,60.0,Miwaleni,5.17,1.0,0.0,11.4,11.22
nairobi_a8_malaba,78.0,80.0,Line,5.13,0.0,0.0,13.2,26.23
dar_es_salaam_t7_lindi,38.0,40.0,Kiguza,5.12,0.0,0.0,12.25,30.66
nairobi_a2_namanga,22.0,24.0,Athi River,5.12,1.0,0.0,6.25,35.49
nairobi_a8_mombasa,96.0,98.0,,5.11,1.0,0.0,8.85,22.9
dar_es_salaam_t7_lindi,64.0,66.0,Mkenge,5.1,0.0,0.0,12.85,27.51
pretoria_n4_lebombo,290.0,292.0,,5.09,1.0,0.0,6.95,31.84
dodoma_t5_iringa,4.0,6.0,Chinyoya,5.08,3.0,0.0,2.25,6.04
windhoek_c26_194_km,14.0,16.0,,5.08,1.0,0.0,0.41,63.22
dar_es_salaam_t7_lindi,52.0,54.0,Kitonga,5.07,0.0,0.0,12.25,30.14
dar_es_salaam_t7_lindi,92.0,94.0,Mkiu,5.05,0.0,0.0,12.85,26.93
windhoek_c28_swakopmund,108.0,110.0,,5.03,1.0,0.0,0.15,63.91
pretoria_n1_beitbridge,450.0,452.0,,5.0,2.0,0.0,0.8,36.22
windhoek_c28_swakopmund,106.0,108.0,,4.98,1.0,0.0,0.15,63.34
dar_es_salaam_road_dodoma,288.0,290.0,,4.97,1.0,0.0,4.05,44.3
dar_es_salaam_road_dodoma,312.0,314.0,Tabu Hotel,4.91,1.0,0.0,3.35,46.97
pretoria_n4_lebombo,130.0,132.0,,4.9,1.0,0.0,2.15,52.72
kampala_a1_malaba,182.0,184.0,Busitema University,4.9,1.0,0.15,2.3,12.58
kigali_nr2_gisenyi,54.0,56.0,,4.88,1.0,0.0,2.45,51.0
dar_es_salaam_road_dodoma,142.0,144.0,Bwawani,4.87,1.0,0.0,5.35,36.88
dar_es_salaam_road_dodoma,188.0,190.0,,4.84,2.0,0.0,5.3,12.61
lusaka_t2_nakonde,330.0,332.0,,4.83,1.0,0.1,1.95,26.84
harare_a1_chirundu,110.0,112.0,CBD,4.81,2.0,0.0,1.15,32.31
kampala_a1_malaba,184.0,186.0,Buwuchi,4.81,1.0,0.16,2.3,9.48
johannesburg_n12_de_rust,0.0,2.0,Booysens,4.79,2.0,0.0,3.25,21.9
harare_a4_beitbridge,288.0,290.0,Masvingo,4.78,2.0,0.0,3.85,18.9
dodoma_t3_morogoro,136.0,138.0,Tabu Hotel,4.78,1.0,0.0,3.35,45.46
windhoek_c28_swakopmund,136.0,138.0,,4.78,0.0,0.0,0.1,85.28
kigali_road_rusumo,156.0,158.0,Rusomo,4.75,0.0,0.0,2.7,72.35
pretoria_n4_lekubu,192.0,194.0,Groot-Marico,4.71,1.0,0.0,1.6,53.04
lusaka_t2_chirundu,134.0,136.0,Chirundu,4.71,2.0,0.0,1.1,31.25
nairobi_a2_namanga,76.0,78.0,,4.7,1.0,0.0,4.85,37.21
johannesburg_r25_groblersdal,186.0,188.0,Aquaville,4.69,3.0,0.0,1.95,2.76
pretoria_n14_springbok,78.0,80.0,,4.66,3.0,0.0,2.45,0.0
windhoek_b2_walvis_bay,58.0,60.0,,4.65,3.0,0.0,0.1,11.2
nairobi_a2_namanga,80.0,82.0,,4.64,1.0,0.0,4.85,36.47
windhoek_b6_buitepos,312.0,314.0,,4.62,2.0,0.0,0.4,33.62
pretoria_n4_lebombo,234.0,236.0,,4.59,1.0,0.0,6.85,26.24
pretoria_n14_springbok,54.0,56.0,Muldersdrift,4.59,1.0,0.0,2.95,45.0
maputo_n1_pemba,198.0,200.0,Chicumbane,4.57,1.0,0.0,6.65,26.89
windhoek_b2_walvis_bay,106.0,108.0,,4.52,3.0,0.0,0.25,8.88
lusaka_t2_nakonde,508.0,510.0,Lukulu,4.52,1.0,0.0,2.85,44.62
dodoma_t3_morogoro,166.0,168.0,Magubike,4.49,0.0,0.0,5.45,55.95
dodoma_t3_morogoro,168.0,170.0,Magubike,4.48,1.0,0.0,6.85,24.89
nairobi_a8_mombasa,108.0,110.0,Sultan Hamud,4.48,2.0,0.0,5.55,6.97
pretoria_n4_lebombo,368.0,370.0,,4.47,1.0,0.0,10.55,6.88
johannesburg_n12_emalahleni,68.0,70.0,,4.46,1.0,0.0,2.15,47.33
pretoria_n14_springbok,20.0,22.0,Amberfield,4.43,1.0,0.0,2.65,44.57
windhoek_b2_walvis_bay,74.0,76.0,,4.43,3.0,0.0,0.4,7.08
nairobi_a8_mombasa,472.0,474.0,Miritini,4.4,0.0,0.0,10.5,30.38
lusaka_t2_nakonde,172.0,174.0,,4.39,2.0,0.0,2.0,22.99
kigali_nr3_gatuna,28.0,30.0,Carrier,4.37,2.0,0.0,2.48,20.56
lusaka_t1_livingstone,64.0,66.0,,4.32,3.0,0.0,1.6,0.0
pretoria_n1_beitbridge,476.0,478.0,Beit Bridge,4.32,2.0,0.0,0.3,30.38
maputo_en4_ressano_garcia,26.0,28.0,,4.31,2.0,0.0,3.3,15.76
harare_r5_mutare,16.0,18.0,,4.3,2.0,0.0,3.35,15.45
windhoek_c26_194_km,146.0,148.0,,4.29,3.0,0.0,0.16,6.57
kampala_a5_bwera,332.0,334.0,Rwimi Centre B,4.29,1.0,0.0,0.7,52.24
kigali_road_rusumo,112.0,114.0,Kibaya,4.29,1.0,0.0,2.6,43.04
dodoma_t3_rusomo,26.0,28.0,Chigongwe,4.26,1.0,0.0,2.25,44.45
nairobi_a8_mombasa,38.0,40.0,,4.23,1.0,0.0,6.66,22.68
kampala_a1_malaba,172.0,174.0,Bubango,4.22,3.0,0.0,1.35,0.0
harare_p1_mucumbura,158.0,160.0,,4.22,1.0,0.0,1.95,45.38
pretoria_n1_cape_town,44.0,46.0,Meadowhurst,4.21,1.0,0.0,2.95,40.39
johannesburg_r25_groblersdal,12.0,14.0,Antwerp,4.2,1.0,0.0,3.25,38.9
kigali_road_rusumo,36.0,38.0,Kabuga Ka Musha,4.15,1.0,0.0,2.4,42.35
lusaka_t2_nakonde,1016.0,1018.0,,4.09,1.0,0.0,0.54,50.66
windhoek_c26_194_km,10.0,12.0,,4.09,3.0,0.0,0.4,2.99
nairobi_a8_mombasa,72.0,74.0,Malili,4.05,1.0,0.0,5.39,26.72
harare_a1_chirundu,316.0,318.0,,4.03,2.0,0.0,1.65,20.3
harare_r5_mutare,38.0,40.0,Melfort,4.02,1.0,0.0,4.4,31.16
nairobi_a2_namanga,94.0,96.0,,4.0,2.0,0.0,5.6,0.84
nairobi_a8_mombasa,88.0,90.0,Salama,3.99,0.0,0.0,8.85,33.38
harare_r5_mutare,182.0,184.0,,3.99,1.0,0.0,3.5,35.07
johannesburg_n12_de_rust,14.0,16.0,,3.98,1.0,0.0,2.25,41.05
nairobi_a8_mombasa,470.0,472.0,Bonje,3.97,0.0,0.0,10.4,25.7
johannesburg_n12_emalahleni,6.0,8.0,Essexwold,3.96,1.0,0.0,3.25,35.95
pretoria_n14_springbok,70.0,72.0,,3.92,1.0,0.0,2.45,39.33
johannesburg_r25_groblersdal,88.0,90.0,Bronkhorstspruit,3.9,1.0,0.0,2.2,40.32
harare_a4_beitbridge,456.0,458.0,,3.9,2.0,0.0,1.55,19.29
pretoria_n1_cape_town,8.0,10.0,Bronberrik,3.9,1.0,0.0,2.65,38.05
harare_a1_chirundu,298.0,300.0,,3.89,1.0,0.0,1.35,44.29
windhoek_c28_swakopmund,10.0,12.0,,3.88,2.0,0.0,0.45,24.35
dodoma_t3_morogoro,58.0,60.0,,3.87,1.0,0.0,2.2,39.87
lusaka_t2_nakonde,878.0,880.0,,3.87,1.0,0.0,1.5,43.24
nairobi_a8_mombasa,52.0,54.0,,3.87,1.0,0.0,5.65,23.19
windhoek_c28_swakopmund,34.0,36.0,Neuheusis,3.86,2.0,0.0,0.45,24.13
windhoek_c26_194_km,8.0,10.0,,3.85,3.0,0.0,0.4,0.0
harare_a4_beitbridge,4.0,6.0,,3.85,2.0,0.0,3.35,9.9
nairobi_a2_namanga,104.0,106.0,Bisil,3.84,1.0,0.0,5.6,23.16
johannesburg_n17_msauli,12.0,14.0,Elandshaven,3.82,1.0,0.0,3.25,34.23
maputo_n1_pemba,118.0,120.0,,3.81,2.0,0.0,5.25,0.29
johannesburg_n12_de_rust,114.0,116.0,Baille Park,3.8,2.0,0.0,1.2,19.76
kigali_road_rusumo,34.0,36.0,,3.79,1.0,0.0,2.4,38.02
harare_a4_beitbridge,8.0,10.0,,3.77,2.0,0.0,3.55,8.03
lusaka_t2_chirundu,92.0,94.0,,3.76,1.0,0.0,1.75,40.75
windhoek_c26_194_km,174.0,176.0,,3.76,2.0,0.0,0.05,24.8
johannesburg_r25_groblersdal,32.0,34.0,,3.76,1.0,0.0,2.35,37.82
harare_a1_chirundu,310.0,312.0,,3.76,1.0,0.0,1.65,41.19
harare_a1_chirundu,276.0,278.0,,3.74,0.0,0.0,1.9,63.98
nairobi_a2_namanga,116.0,118.0,,3.71,1.0,0.0,5.6,21.5
lusaka_m9_mongu,194.0,196.0,,3.71,2.0,0.0,1.2,18.59
lusaka_t4_234_km,46.0,48.0,Chongwe,3.69,1.0,0.0,1.6,40.6
pretoria_n1_beitbridge,320.0,322.0,,3.68,1.0,0.0,2.15,37.87
harare_r5_mutare,118.0,120.0,,3.68,0.0,0.0,3.25,56.65
harare_r5_mutare,166.0,168.0,,3.67,1.0,0.0,3.56,30.94
lusaka_t4_234_km,62.0,64.0,,3.65,1.0,0.0,1.8,39.16
kigali_nr3_gatuna,60.0,62.0,,3.64,2.0,0.0,2.85,9.87
harare_a1_chirundu,156.0,158.0,,3.64,1.0,0.0,1.3,41.48
dodoma_t3_morogoro,180.0,182.0,Kwambe,3.64,1.0,0.0,4.86,24.21
lusaka_t2_nakonde,260.0,262.0,,3.63,1.0,0.0,2.5,35.56
harare_r2_plumtree,38.0,40.0,,3.63,2.0,0.0,2.75,10.18
pretoria_n14_springbok,22.0,24.0,Thatchfield,3.59,1.0,0.0,2.65,34.31
lusaka_t2_chirundu,110.0,112.0,,3.58,2.0,0.0,1.8,14.2
kigali_nr3_gatuna,38.0,40.0,Mugina,3.55,1.0,0.0,2.85,32.9
pretoria_n14_springbok,12.0,14.0,Hennopspark,3.55,1.0,0.0,2.65,33.82
johannesburg_r25_groblersdal,90.0,92.0,Sizanani Village,3.54,1.0,0.0,2.2,35.88
dodoma_t5_arusha,160.0,162.0,Kwantisi,3.54,1.0,0.0,4.4,25.21
harare_a4_beitbridge,396.0,398.0,Lundi,3.52,1.0,0.0,4.05,26.76
harare_r5_mutare,168.0,170.0,Rusape,3.52,1.0,0.0,3.5,29.39
windhoek_b2_walvis_bay,82.0,84.0,,3.52,2.0,0.0,0.4,20.17
lusaka_t4_234_km,122.0,124.0,,3.5,1.0,0.0,2.0,36.37
lusaka_t2_chirundu,94.0,96.0,,3.49,1.0,0.0,1.8,37.28
windhoek_b6_buitepos,10.0,12.0,,3.48,2.0,0.0,0.4,19.71
pretoria_n4_lekubu,106.0,108.0,Proteapark,3.48,1.0,0.0,1.8,37.07
pretoria_n4_lekubu,194.0,196.0,Groot-Marico,3.47,1.0,0.0,1.6,37.91
johannesburg_n17_msauli,22.0,24.0,Elsburg,3.46,1.0,0.0,2.5,33.42
johannesburg_r25_groblersdal,78.0,80.0,,3.45,1.0,0.0,2.4,33.84
lusaka_m9_mongu,184.0,186.0,,3.42,2.0,0.0,1.2,15.09
johannesburg_r25_groblersdal,6.0,8.0,Sunningdale Ridge,3.41,0.0,0.0,3.25,53.4
gaborone_a1_ramokgwebana,196.0,198.0,Mahalapye,3.4,2.0,0.0,1.7,12.49
lusaka_t1_livingstone,144.0,146.0,,3.4,1.0,0.12,1.0,7.95
harare_p1_mucumbura,162.0,164.0,,3.38,1.0,0.0,1.95,35.14
kigali_nr3_gatuna,42.0,44.0,Kadobogo,3.38,1.0,0.0,2.85,30.79
harare_r5_mutare,120.0,122.0,,3.37,0.0,0.0,3.25,52.97
dodoma_t5_arusha,154.0,156.0,,3.34,1.0,0.0,4.4,22.84
lusaka_t2_nakonde,250.0,252.0,,3.34,1.0,0.0,2.24,33.29
johannesburg_n17_msauli,192.0,194.0,,3.33,1.0,0.0,2.7,30.97
harare_p1_mucumbura,92.0,94.0,,3.33,1.0,0.0,3.05,29.22
johannesburg_r25_groblersdal,180.0,182.0,,3.31,2.0,0.0,1.95,10.16
pretoria_n1_cape_town,0.0,2.0,,3.3,0.0,0.0,2.65,54.98
windhoek_b2_walvis_bay,214.0,216.0,Usakos,3.28,1.0,0.0,0.02,43.21
dodoma_t3_morogoro,14.0,16.0,,3.25,2.0,0.0,2.6,6.23
johannesburg_n17_msauli,8.0,10.0,Roseacre,3.24,2.0,0.0,3.25,3.02
dodoma_t3_morogoro,6.0,8.0,Nzuguni,3.24,1.0,0.0,2.6,30.26
lusaka_t2_nakonde,140.0,142.0,,3.23,2.0,0.0,2.45,6.8
pretoria_n1_beitbridge,208.0,210.0,,3.23,1.0,0.0,3.55,25.65
windhoek_b6_buitepos,28.0,30.0,,3.23,2.0,0.0,0.4,16.61
johannesburg_n17_msauli,196.0,198.0,,3.21,1.0,0.0,2.7,29.43
gaborone_a1_ramokgwebana,194.0,196.0,Mahalapye,3.19,2.0,0.0,1.7,9.84
gaborone_a1_121_km,20.0,22.0,,3.18,2.0,0.0,0.8,14.17
harare_p1_mucumbura,198.0,200.0,,3.18,0.0,0.0,2.55,53.94
pretoria_n4_lekubu,162.0,164.0,Swartruggens,3.14,1.0,0.0,1.65,33.64
johannesburg_n17_msauli,204.0,206.0,,3.14,1.0,0.0,2.7,28.56
kigali_nr3_gatuna,2.0,4.0,,3.12,2.0,0.0,2.1,7.07
harare_r5_mutare,18.0,20.0,,3.11,1.0,0.0,3.35,25.13
lusaka_t2_nakonde,258.0,260.0,,3.1,1.0,0.0,2.5,29.14
harare_a1_chirundu,278.0,280.0,,3.1,0.0,0.0,1.9,56.13
lusaka_t2_nakonde,194.0,196.0,,3.1,2.0,0.0,2.0,7.3
harare_r5_mutare,172.0,174.0,Vengere,3.09,2.0,0.0,3.5,0.0
dodoma_t5_iringa,8.0,10.0,Mkonze,3.08,1.0,0.0,2.25,30.06
kigali_road_rusumo,122.0,124.0,Cyunuzi,3.07,0.0,0.0,2.55,52.68
kigali_road_rusumo,90.0,92.0,,3.06,0.0,0.0,2.6,52.26
pretoria_n1_cape_town,60.0,62.0,Bosmont,3.05,1.0,0.0,2.95,26.3
johannesburg_n17_msauli,130.0,132.0,Trichardt,3.05,1.0,0.0,2.85,26.75
dodoma_t3_rusomo,0.0,2.0,Hazina,3.04,2.0,0.0,2.25,5.44
windhoek_b1_797_km,12.0,14.0,,3.04,2.0,0.0,0.4,14.32
johannesburg_n17_msauli,132.0,134.0,Trichardt,3.02,1.0,0.0,2.85,26.48
johannesburg_r25_groblersdal,110.0,112.0,,3.02,0.0,0.0,2.75,51.08
harare_a1_chirundu,50.0,52.0,,2.99,1.0,0.0,2.3,28.76
harare_a4_beitbridge,14.0,16.0,Southlea Park,2.99,1.0,0.0,3.55,22.7
johannesburg_r59_dealesville,80.0,82.0,,2.99,1.0,0.0,1.65,31.86
harare_r2_plumtree,76.0,78.0,Selous,2.99,1.0,0.0,2.85,26.02
johannesburg_n17_msauli,14.0,16.0,Elandshaven,2.98,1.0,0.0,3.06,24.95
johannesburg_n17_msauli,24.0,26.0,Freeway Park,2.98,1.0,0.0,2.5,27.62
harare_a4_beitbridge,86.0,88.0,,2.97,1.0,0.0,3.5,22.74
harare_r2_plumtree,14.0,16.0,Kuwadzana,2.97,1.0,0.0,3.55,22.41
kigali_nr3_gatuna,72.0,74.0,,2.96,2.0,0.0,1.95,5.91
kigali_road_rusumo,108.0,110.0,Kibaya,2.94,0.0,0.0,2.6,50.88
johannesburg_r59_dealesville,64.0,66.0,,2.92,2.0,0.0,1.85,5.88
lusaka_t4_234_km,172.0,174.0,,2.92,0.0,0.0,2.05,53.23
kampala_a6_elegu,272.0,274.0,Arukolong,2.91,0.0,0.19,0.7,8.29
pretoria_n4_lekubu,42.0,44.0,,2.9,1.0,0.0,2.35,27.45
maputo_en4_ressano_garcia,84.0,86.0,,2.89,2.0,0.0,3.0,0.0
harare_a4_beitbridge,106.0,108.0,,2.86,1.0,0.0,3.54,21.2
harare_r4_nyamapanda,36.0,38.0,,2.86,1.0,0.0,3.85,19.67
lusaka_t1_livingstone,82.0,84.0,Masangu,2.85,1.0,0.0,1.8,29.39
lusaka_t1_livingstone,78.0,80.0,,2.8,2.0,0.0,1.8,4.71
lusaka_t4_234_km,86.0,88.0,,2.76,1.0,0.0,1.85,28.1
windhoek_b2_walvis_bay,96.0,98.0,,2.76,2.0,0.0,0.25,11.66
windhoek_b2_walvis_bay,108.0,110.0,,2.75,2.0,0.0,0.25,11.6
kampala_a6_elegu,282.0,284.0,Bobi,2.74,0.0,0.17,0.7,11.59
windhoek_b6_buitepos,60.0,62.0,Seeis,2.73,2.0,0.0,0.15,11.85
harare_r4_nyamapanda,104.0,106.0,,2.72,1.0,0.0,4.1,16.75
harare_a4_beitbridge,116.0,118.0,,2.72,1.0,0.0,3.55,19.36
johannesburg_n12_emalahleni,66.0,68.0,,2.71,0.0,0.0,2.15,50.25
pretoria_n1_beitbridge,408.0,410.0,,2.71,1.0,0.0,3.7,18.59
kigali_nr3_gatuna,30.0,32.0,Idigiri,2.7,1.0,0.0,2.85,22.57
kigali_nr3_gatuna,14.0,16.0,Marenge,2.69,2.0,0.0,2.1,1.93
harare_p1_mucumbura,110.0,112.0,,2.69,0.0,0.0,3.05,45.64
pretoria_n14_springbok,132.0,134.0,Klerkskraal,2.68,1.0,0.0,1.6,28.39
harare_r4_nyamapanda,98.0,100.0,Chitowa Two Business Center,2.68,1.0,0.0,4.1,16.24
johannesburg_r24_rustenburg,16.0,18.0,Florida Lake,2.67,1.0,0.0,2.95,21.7
lusaka_t2_chirundu,116.0,118.0,,2.67,2.0,0.0,1.8,3.09
harare_a1_chirundu,184.0,186.0,Madadzi,2.67,1.0,0.0,1.7,27.7
pretoria_n1_beitbridge,310.0,312.0,,2.66,1.0,0.0,2.3,24.77
windhoek_b6_buitepos,30.0,32.0,,2.66,2.0,0.0,0.4,9.7
lusaka_t1_livingstone,8.0,10.0,,2.65,2.0,0.0,1.65,3.62
harare_r4_nyamapanda,60.0,62.0,Pa Cross,2.65,1.0,0.0,4.15,15.61
pretoria_n4_lekubu,2.0,4.0,Daspoort,2.65,1.0,0.0,2.95,21.41
pretoria_n1_beitbridge,388.0,390.0,,2.62,0.0,0.0,3.7,41.67
pretoria_n1_beitbridge,472.0,474.0,,2.61,2.0,0.0,0.55,8.45
johannesburg_r24_rustenburg,46.0,48.0,,2.61,1.0,0.0,2.45,23.34
lusaka_t2_chirundu,12.0,14.0,,2.6,2.0,0.0,1.65,2.93
harare_a4_beitbridge,168.0,170.0,,2.59,1.0,0.0,3.2,19.55
johannesburg_r29_evander,22.0,24.0,Boksburg,2.59,1.0,0.0,2.35,23.62
harare_r5_mutare,88.0,90.0,,2.59,0.0,0.0,5.0,34.93
johannesburg_r29_evander,14.0,16.0,Knights,2.59,1.0,0.0,3.25,19.22
harare_p1_mucumbura,150.0,152.0,Mount Darwin,2.59,1.0,0.0,2.2,24.3
pretoria_n14_springbok,0.0,2.0,Salvokop,2.58,0.0,0.0,2.65,46.25
harare_r4_nyamapanda,118.0,120.0,,2.58,1.0,0.0,3.0,20.3
harare_r2_plumtree,8.0,10.0,Warren Park D,2.56,1.0,0.0,3.55,17.48
pretoria_n1_beitbridge,390.0,392.0,,2.56,0.0,0.0,3.7,40.89
harare_r4_nyamapanda,34.0,36.0,,2.56,1.0,0.0,3.85,15.97
windhoek_b6_buitepos,34.0,36.0,,2.55,2.0,0.0,0.4,8.4
pretoria_n14_springbok,62.0,64.0,,2.54,1.0,0.0,2.95,20.11
harare_r4_nyamapanda,124.0,126.0,,2.52,1.0,0.0,3.3,18.13
dodoma_t5_arusha,126.0,128.0,Kelema,2.52,1.0,0.0,2.5,21.99
windhoek_b1_797_km,4.0,6.0,Suiderhof,2.51,2.0,0.0,0.4,7.91
pretoria_n1_beitbridge,126.0,128.0,,2.5,1.0,0.0,2.3,22.72
harare_r4_nyamapanda,20.0,22.0,,2.49,1.0,0.0,3.55,16.59
harare_p1_mucumbura,6.0,8.0,,2.49,1.0,0.0,3.55,16.55
windhoek_b1_797_km,14.0,16.0,,2.47,2.0,0.0,0.4,7.47
johannesburg_n12_emalahleni,30.0,32.0,Morehill,2.47,1.0,0.0,2.35,22.17
johannesburg_n12_de_rust,16.0,18.0,Nancefield,2.46,1.0,0.0,2.25,22.58
lusaka_t2_chirundu,82.0,84.0,,2.46,2.0,0.0,1.9,0.0
johannesburg_r59_dealesville,96.0,98.0,,2.45,1.0,0.0,1.45,26.28
harare_r2_plumtree,10.0,12.0,Kuwdzana Phase 3,2.44,1.0,0.0,3.55,15.96
gaborone_a1_ramokgwebana,148.0,150.0,,2.43,1.0,0.0,1.0,28.24
pretoria_n4_lekubu,76.0,78.0,,2.42,1.0,0.0,2.8,19.32
johannesburg_r59_dealesville,166.0,168.0,,2.4,1.0,0.0,1.4,25.88
dodoma_t3_morogoro,4.0,6.0,Ipagala,2.4,1.0,0.0,2.6,20.05
harare_p1_mucumbura,152.0,154.0,Mount Darwin,2.39,1.0,0.0,2.2,21.9
dodoma_t5_iringa,76.0,78.0,Fufu,2.38,1.0,0.0,2.25,21.55
windhoek_b2_walvis_bay,72.0,74.0,,2.37,2.0,0.0,0.4,6.16
dodoma_t5_arusha,132.0,134.0,,2.36,1.0,0.0,2.5,20.15
kampala_a6_elegu,254.0,256.0,Karuma,2.35,1.0,0.0,0.55,29.4
johannesburg_n12_de_rust,72.0,74.0,,2.31,1.0,0.0,1.8,22.91
lusaka_m9_mongu,146.0,148.0,,2.31,1.0,0.0,1.95,22.17
harare_r2_plumtree,32.0,34.0,,2.28,1.0,0.0,3.55,14.05
lusaka_m9_mongu,2.0,4.0,Chibolya,2.28,2.0,0.0,1.45,0.0
windhoek_b2_walvis_bay,100.0,102.0,,2.27,2.0,0.0,0.25,5.67
lusaka_m9_mongu,168.0,170.0,,2.27,1.0,0.0,1.75,22.57
lusaka_m9_mongu,108.0,110.0,,2.24,1.0,0.0,1.5,23.45
maputo_n1_pemba,110.0,112.0,Chidona,2.22,1.0,0.0,5.25,5.15
dodoma_t3_morogoro,126.0,128.0,Ukwamani,2.22,0.0,0.0,3.35,38.49
windhoek_b6_buitepos,24.0,26.0,,2.22,2.0,0.0,0.4,4.34
windhoek_b6_buitepos,314.0,316.0,,2.21,1.0,0.0,0.4,28.44
windhoek_b6_buitepos,2.0,4.0,Avis,2.21,1.0,0.0,0.4,28.41
harare_r2_plumtree,184.0,186.0,,2.2,1.0,0.0,1.6,22.53
harare_r2_plumtree,156.0,158.0,,2.2,1.0,0.0,1.75,21.76
harare_r2_plumtree,4.0,6.0,Belvedere,2.18,1.0,0.0,3.4,13.58
dodoma_t5_iringa,2.0,4.0,Mlezi,2.18,1.0,0.0,2.25,19.12
harare_p1_mucumbura,38.0,40.0,,2.17,1.0,0.0,3.4,13.47
johannesburg_r29_evander,6.0,8.0,Malvern East,2.15,1.0,0.0,3.25,13.95
dodoma_t3_rusomo,92.0,94.0,Mbwasa,2.15,0.0,0.0,1.55,46.31
lusaka_t4_234_km,156.0,158.0,,2.14,1.0,0.0,2.05,19.58
dodoma_t3_rusomo,24.0,26.0,Chigongwe,2.13,0.0,0.0,2.25,42.65
kampala_a9_hoima,184.0,186.0,Kinogozi East,2.12,1.0,0.0,0.5,26.9
pretoria_n4_lekubu,70.0,72.0,,2.11,1.0,0.0,1.95,19.77
johannesburg_n12_de_rust,20.0,22.0,Eldoradopark,2.11,1.0,0.0,2.25,18.3
maputo_n1_pemba,0.0,2.0,Aeroporto B,2.09,1.0,0.0,4.75,5.88
gaborone_a1_ramokgwebana,274.0,276.0,,2.08,2.0,0.0,0.95,0.0
kampala_a9_hoima,8.0,10.0,Naluvule,2.07,1.0,0.0,0.5,26.22
harare_r2_plumtree,60.0,62.0,,2.03,1.0,0.0,3.05,13.44
dodoma_t5_arusha,146.0,148.0,,2.02,0.0,0.0,4.4,31.0
lusaka_t4_234_km,96.0,98.0,,2.02,0.0,0.0,1.85,43.23
johannesburg_n12_de_rust,190.0,192.0,,1.99,1.0,0.0,1.25,21.69
pretoria_n4_lekubu,46.0,48.0,,1.99,1.0,0.0,2.35,16.3
johannesburg_r29_evander,36.0,38.0,Rynsoord,1.98,1.0,0.0,2.35,16.2
maputo_en4_ressano_garcia,90.0,92.0,Ressano Garcia,1.98,0.0,0.0,2.8,38.15
harare_p1_mucumbura,4.0,6.0,,1.97,1.0,0.0,3.4,11.01
johannesburg_n12_emalahleni,8.0,10.0,Meadowbrook,1.97,0.0,0.0,3.25,35.86
lusaka_m9_mongu,166.0,168.0,,1.97,1.0,0.0,1.75,18.94
dodoma_t5_arusha,140.0,142.0,,1.96,1.0,0.0,2.5,15.23
lusaka_m9_mongu,154.0,156.0,,1.94,1.0,0.0,1.75,18.61
windhoek_b1_797_km,38.0,40.0,Crinium Lake Estate,1.92,2.0,0.0,0.55,0.0
maputo_en4_ressano_garcia,20.0,22.0,,1.92,1.0,0.0,3.3,10.83
kampala_a6_elegu,4.0,6.0,Kawempe B,1.9,2.0,0.0,0.5,0.0
johannesburg_n12_emalahleni,4.0,6.0,Morninghill,1.89,0.0,0.0,3.25,34.94
johannesburg_r24_rustenburg,60.0,62.0,Magaliesburg,1.89,1.0,0.0,2.45,14.64
johannesburg_r59_dealesville,70.0,72.0,,1.85,1.0,0.0,1.7,17.82
johannesburg_r29_evander,40.0,42.0,Presidents dam,1.85,1.0,0.0,2.35,14.65
johannesburg_r24_rustenburg,98.0,100.0,,1.84,1.0,0.0,2.8,12.38
maputo_n1_pemba,126.0,128.0,Incoluane,1.84,1.0,0.0,5.25,0.5
johannesburg_n12_emalahleni,2.0,4.0,Bruma,1.81,1.0,0.0,3.25,9.84
maputo_n1_pemba,124.0,126.0,Cafine,1.8,1.0,0.0,5.25,0.0
johannesburg_r29_evander,52.0,54.0,Largo,1.75,1.0,0.0,2.5,12.64
windhoek_b1_797_km,84.0,86.0,,1.72,2.0,0.0,0.05,0.0
gaborone_a12_326_km,108.0,110.0,,1.72,1.0,0.0,0.65,21.2
gaborone_a1_ramokgwebana,24.0,26.0,,1.71,1.0,0.0,0.9,19.9
pretoria_n4_lekubu,96.0,98.0,Kroondal,1.7,1.0,0.0,1.7,15.89
lusaka_t4_234_km,100.0,102.0,Shingela,1.69,1.0,0.0,1.8,15.34
dodoma_t5_iringa,132.0,134.0,,1.67,0.0,0.0,2.4,36.39
lusaka_t4_234_km,60.0,62.0,,1.67,0.0,0.0,1.8,39.22
johannesburg_n12_emalahleni,22.0,24.0,Lakefield,1.66,1.0,0.0,2.35,12.3
johannesburg_n12_de_rust,162.0,164.0,Irenepark,1.64,1.0,0.0,0.9,19.11
johannesburg_r29_evander,50.0,52.0,Grootvaly SH,1.61,1.0,0.0,2.45,11.24
dodoma_t3_rusomo,116.0,118.0,Muhalala,1.61,0.0,0.0,2.3,36.07
gaborone_a12_326_km,46.0,48.0,Molepolole,1.6,1.0,0.0,0.55,20.24
lusaka_t4_234_km,36.0,38.0,,1.57,1.0,0.0,1.6,14.81
dodoma_t3_rusomo,114.0,116.0,Muhalala,1.56,0.0,0.0,2.3,35.56
gaborone_a12_326_km,112.0,114.0,Letlhakeng,1.56,1.0,0.0,0.65,19.37
lusaka_m9_mongu,164.0,166.0,,1.51,1.0,0.0,1.75,13.4
johannesburg_n12_de_rust,174.0,176.0,,1.51,1.0,0.0,0.9,17.49
kampala_a6_elegu,32.0,34.0,Nyimbwa,1.51,0.0,0.08,0.35,23.62
dodoma_t5_iringa,42.0,44.0,,1.5,1.0,0.0,2.4,10.11
maputo_n1_pemba,136.0,138.0,Magul,1.48,0.0,0.0,6.6,13.78
lusaka_m9_mongu,156.0,158.0,,1.48,1.0,0.0,1.75,12.97
johannesburg_n12_de_rust,144.0,146.0,,1.47,1.0,0.0,1.1,16.06
johannesburg_r24_rustenburg,22.0,24.0,Groblerpark,1.46,1.0,0.0,2.95,6.95
gaborone_a12_326_km,12.0,14.0,Metsimotlhabe,1.45,1.0,0.0,1.0,16.33
johannesburg_r24_rustenburg,68.0,70.0,,1.39,0.0,0.0,2.65,31.7
maputo_n1_pemba,170.0,172.0,Shilluanhana,1.38,0.0,0.0,6.35,13.8
johannesburg_r59_dealesville,114.0,116.0,,1.35,1.0,0.0,1.55,12.46
dodoma_t5_iringa,142.0,144.0,,1.34,1.0,0.0,2.4,8.19
windhoek_b1_797_km,28.0,30.0,,1.32,1.0,0.0,0.55,16.9
windhoek_b1_797_km,0.0,2.0,Windhoek,1.32,1.0,0.0,0.4,17.57
kampala_a6_elegu,8.0,10.0,Kawanda,1.31,1.0,0.0,0.5,17.0
dodoma_t3_rusomo,94.0,96.0,Mbwasa,1.3,0.0,0.0,1.55,35.91
johannesburg_r59_dealesville,124.0,126.0,,1.29,1.0,0.0,1.55,11.7
maputo_n1_pemba,134.0,136.0,Magul,1.29,0.0,0.0,5.25,17.98
gaborone_a1_121_km,4.0,6.0,,1.26,1.0,0.0,1.0,13.94
gaborone_a1_ramokgwebana,46.0,48.0,,1.26,1.0,0.0,0.9,14.41
johannesburg_r59_dealesville,128.0,130.0,,1.24,1.0,0.0,1.55,11.02
dodoma_t3_rusomo,180.0,182.0,Issuna B,1.23,0.0,0.0,2.95,28.3
gaborone_a1_ramokgwebana,220.0,222.0,,1.21,1.0,0.0,1.6,10.45
maputo_n1_pemba,84.0,86.0,,1.16,0.0,0.0,5.95,12.94
johannesburg_r29_evander,110.0,112.0,,1.12,0.0,0.0,2.85,27.46
gaborone_a1_ramokgwebana,402.0,404.0,,1.02,1.0,0.0,0.5,13.44
johannesburg_r29_evander,0.0,2.0,Maboneng Precinct,1.01,1.0,0.0,3.25,0.0
dodoma_t3_rusomo,90.0,92.0,Mbwasa,1.0,0.0,0.0,1.55,32.28
gaborone_a1_ramokgwebana,428.0,430.0,Francistown,0.98,1.0,0.0,0.7,12.05
gaborone_a12_326_km,50.0,52.0,Molepolole,0.98,1.0,0.0,0.59,12.59
gaborone_a1_ramokgwebana,56.0,58.0,,0.97,1.0,0.0,0.7,11.9
windhoek_b1_797_km,8.0,10.0,Cimbebasia,0.85,1.0,0.0,0.4,11.92
johannesburg_r24_rustenburg,116.0,118.0,Cashan,0.83,1.0,0.0,1.7,5.34
gaborone_a1_121_km,58.0,60.0,,0.74,1.0,0.0,0.8,8.61
kampala_a9_hoima,60.0,62.0,Mate,0.72,0.0,0.0,0.45,34.2
johannesburg_r59_dealesville,8.0,10.0,Alberante,0.67,0.0,0.0,2.5,23.72
windhoek_b1_797_km,48.0,50.0,,0.67,1.0,0.0,0.55,8.96
dodoma_t3_rusomo,34.0,36.0,Msembeta,0.67,0.0,0.0,1.45,28.76
johannesburg_r29_evander,108.0,110.0,,0.64,0.0,0.0,2.85,21.66
maputo_en4_ressano_garcia,76.0,78.0,,0.63,0.0,0.0,2.65,22.53
gaborone_a12_326_km,118.0,120.0,,0.61,1.0,0.0,0.85,6.74
johannesburg_r24_rustenburg,8.0,10.0,Coronationville,0.59,0.0,0.0,2.95,20.62
windhoek_b1_797_km,100.0,102.0,,0.56,1.0,0.0,0.05,10.1
kampala_a9_hoima,98.0,100.0,Kawaawa,0.54,0.0,0.0,0.4,32.24
kampala_a9_hoima,76.0,78.0,Kakunyu A,0.49,0.0,0.0,0.45,31.45
johannesburg_r24_rustenburg,34.0,36.0,Burgershoop,0.44,0.0,0.0,2.82,19.38
maputo_en4_ressano_garcia,74.0,76.0,,0.43,0.0,0.0,2.65,20.06
maputo_en4_ressano_garcia,40.0,42.0,,0.37,0.0,0.0,3.4,15.65
maputo_en4_ressano_garcia,28.0,30.0,,0.36,0.0,0.0,3.3,16.06
gaborone_a1_121_km,76.0,78.0,,0.29,0.0,0.0,0.8,27.29
maputo_en4_ressano_garcia,0.0,2.0,Malanga,0.22,0.0,0.03,4.75,0.0
gaborone_a12_326_km,44.0,46.0,,0.15,0.0,0.0,0.55,26.76
gaborone_a1_121_km,8.0,10.0,,0.11,1.0,0.0,1.0,0.0
gaborone_a1_121_km,28.0,30.0,Taung,0.03,1.0,0.0,0.8,0.0
gaborone_a1_121_km,86.0,88.0,,-0.32,0.0,0.0,0.85,19.66
gaborone_a12_326_km,30.0,32.0,,-0.38,0.0,0.0,0.55,20.37
gaborone_a12_326_km,14.0,16.0,,-0.68,0.0,0.0,1.0,14.5
gaborone_a1_121_km,74.0,76.0,Lobatse,-0.72,0.0,0.0,0.8,14.99
gaborone_a12_326_km,0.0,2.0,Mogoditshane,-0.77,0.0,0.0,1.0,13.39
gaborone_a1_121_km,16.0,18.0,,-0.85,0.0,0.0,1.0,12.5
gaborone_a1_121_km,22.0,24.0,,-0.86,0.0,0.0,0.8,13.36
