corridor,direction,litres_trip,litres_trip_p5,litres_trip_p95,l_per_100km,l_per_100km_p5,l_per_100km_p95,litres_open,litres_open_p5,litres_open_p95,friction_litres_trip,friction_litres_trip_p5,friction_litres_trip_p95,idle_litres_trip,idle_litres_trip_p5,idle_litres_trip_p95,friction_co2_kg_trip,friction_co2_kg_trip_p5,friction_co2_kg_trip_p95,friction_pct_of_trip_fuel,friction_litres_year_m,friction_litres_year_m_p5,friction_litres_year_m_p95,friction_co2_kt_year,friction_co2_kt_year_p5,friction_co2_kt_year_p95,friction_fuel_usd_year_m,friction_fuel_usd_year_m_p5,friction_fuel_usd_year_m_p95
kampala_a1_malaba,inbound,147.1,107.7,208.2,69.2,50.7,98.0,85.9,68.0,108.8,61.2,31.3,108.9,1.8,1.5,5.2,164.1,83.9,292.0,41.6,15.78,9.76,59.11,42.3,26.16,158.41,21.31,13.05,83.11
kampala_a1_malaba,outbound,147.3,107.8,208.5,69.3,50.7,98.1,85.0,67.4,108.0,62.3,32.3,110.0,1.8,1.5,5.2,167.0,86.6,294.8,42.3,15.78,9.76,59.11,42.3,26.16,158.41,21.31,13.05,83.11
kampala_a6_elegu,inbound,236.9,182.0,329.8,55.0,42.3,76.6,163.3,130.5,208.8,73.6,40.0,135.5,1.0,0.7,3.6,197.3,107.2,363.1,31.1,18.93,10.94,71.13,50.74,29.31,190.63,25.56,14.88,101.12
kampala_a6_elegu,outbound,212.0,161.0,298.8,49.3,37.4,69.4,137.5,110.1,177.3,74.6,40.5,137.0,1.0,0.7,3.6,199.8,108.5,367.2,35.2,18.93,10.94,71.13,50.74,29.31,190.63,25.56,14.88,101.12
kampala_a2_katuna,inbound,252.6,194.6,349.5,59.7,45.9,82.5,172.9,137.0,219.3,79.8,45.5,147.3,1.6,1.2,5.4,213.8,121.9,394.7,31.6,20.25,11.92,76.37,54.28,31.94,204.67,27.34,16.57,110.7
kampala_a2_katuna,outbound,276.5,214.2,379.2,65.3,50.6,89.5,197.7,156.7,249.5,78.8,44.7,145.7,1.6,1.2,5.4,211.1,119.8,390.4,28.5,20.25,11.92,76.37,54.28,31.94,204.67,27.34,16.57,110.7
kampala_a9_hoima,inbound,117.2,89.9,162.2,59.9,46.0,83.0,85.7,67.8,107.9,31.4,16.5,62.1,0.2,0.0,0.8,84.3,44.1,166.5,26.8,8.01,4.64,31.64,21.47,12.43,84.79,10.82,6.46,44.65
kampala_a9_hoima,outbound,114.3,87.6,158.5,58.4,44.8,81.1,83.0,65.7,104.7,31.3,16.3,61.2,0.2,0.0,0.8,83.8,43.7,164.1,27.4,8.01,4.64,31.64,21.47,12.43,84.79,10.82,6.46,44.65
kampala_a5_bwera,inbound,263.3,205.8,364.1,62.2,48.7,86.1,197.7,156.2,248.4,65.6,36.7,133.4,0.3,0.1,1.6,175.8,98.3,357.5,24.9,16.98,9.91,71.12,45.49,26.56,190.59,22.92,13.79,101.47
kampala_a5_bwera,outbound,261.4,204.2,363.9,61.8,48.3,86.0,194.1,153.4,244.1,67.3,37.7,137.6,0.3,0.1,1.6,180.4,100.9,368.7,25.7,16.98,9.91,71.12,45.49,26.56,190.59,22.92,13.79,101.47
nairobi_a8_mombasa,inbound,245.3,195.4,331.9,51.0,40.6,69.0,195.5,156.2,250.2,49.8,28.7,91.2,1.8,1.3,6.3,133.5,77.0,244.3,20.3,12.8,7.94,49.29,34.3,21.27,132.1,17.28,11.22,70.17
nairobi_a8_mombasa,outbound,173.3,136.9,245.0,36.0,28.5,50.9,122.9,98.5,161.5,50.4,29.3,92.6,1.8,1.3,6.3,135.1,78.5,248.3,29.1,12.8,7.94,49.29,34.3,21.27,132.1,17.28,11.22,70.17
nairobi_a8_malaba,inbound,316.0,238.6,433.4,71.7,54.2,98.4,203.9,161.5,257.1,112.1,59.5,191.0,2.5,2.1,7.1,300.5,159.5,512.0,35.5,28.95,17.42,101.52,77.58,46.68,272.08,39.08,23.53,143.0
nairobi_a8_malaba,outbound,293.4,219.9,408.2,66.6,49.9,92.7,178.9,141.9,226.2,114.5,61.2,194.6,2.5,2.1,7.1,306.8,164.0,521.4,39.0,28.95,17.42,101.52,77.58,46.68,272.08,39.08,23.53,143.0
nairobi_a2_moyale,inbound,120.9,90.4,169.2,59.7,44.6,83.5,76.3,60.6,97.0,44.6,22.4,78.7,0.6,0.5,2.0,119.5,60.1,210.8,36.9,11.26,6.53,40.13,30.17,17.49,107.54,15.2,8.58,57.04
nairobi_a2_moyale,outbound,135.5,103.0,186.0,66.9,50.9,91.8,92.0,73.0,116.2,43.5,21.6,77.2,0.6,0.5,2.0,116.7,57.9,206.8,32.1,11.26,6.53,40.13,30.17,17.49,107.54,15.2,8.58,57.04
nairobi_a2_namanga,inbound,90.6,71.1,124.5,57.0,44.7,78.3,62.3,49.8,79.6,28.3,16.1,50.8,1.8,1.4,6.3,75.9,43.0,136.0,31.2,7.19,4.32,25.78,19.26,11.58,69.09,9.7,6.01,36.28
nairobi_a2_namanga,outbound,78.5,61.0,110.2,49.4,38.4,69.3,50.6,40.5,65.3,27.9,15.8,50.3,1.8,1.4,6.3,74.9,42.4,134.8,35.5,7.19,4.32,25.78,19.26,11.58,69.09,9.7,6.01,36.28
kigali_nr3_gatuna,inbound,29.7,23.3,41.5,39.0,30.7,54.6,22.7,18.2,29.2,6.9,3.6,13.9,0.0,0.0,0.0,18.6,9.7,37.3,23.2,1.68,0.95,6.49,4.5,2.55,17.4,2.27,1.34,9.31
kigali_nr3_gatuna,outbound,46.7,36.7,61.6,61.4,48.3,81.1,40.4,32.0,50.9,6.2,2.9,12.7,0.0,0.0,0.0,16.6,7.8,34.0,13.3,1.68,0.95,6.49,4.5,2.55,17.4,2.27,1.34,9.31
kigali_road_rusumo,inbound,115.1,86.5,162.2,72.4,54.4,102.0,78.1,61.6,97.8,37.0,16.6,70.9,0.0,0.0,0.0,99.2,44.5,190.0,32.1,9.53,5.19,38.02,25.55,13.91,101.88,12.87,7.14,53.58
kigali_road_rusumo,outbound,112.8,84.5,159.6,70.9,53.1,100.4,75.2,59.3,94.3,37.6,16.8,71.8,0.0,0.0,0.0,100.7,45.0,192.5,33.3,9.53,5.19,38.02,25.55,13.91,101.88,12.87,7.14,53.58
kigali_nr1_huye,inbound,118.6,91.2,159.2,75.3,57.9,101.1,93.1,73.2,115.8,25.5,13.0,50.7,0.2,0.2,0.5,68.2,34.9,135.8,21.5,6.7,3.62,27.85,17.95,9.71,74.65,9.04,4.98,38.77
kigali_nr1_huye,outbound,119.2,91.7,160.5,75.7,58.3,101.9,92.2,72.4,114.7,27.0,14.1,52.6,0.2,0.2,0.5,72.2,37.8,140.9,22.7,6.7,3.62,27.85,17.95,9.71,74.65,9.04,4.98,38.77
kigali_nr2_gisenyi,inbound,114.9,87.9,154.4,76.3,58.4,102.6,90.0,70.8,112.0,24.9,11.1,48.1,0.0,0.0,0.3,66.6,29.7,129.0,21.7,6.39,3.3,25.15,17.13,8.85,67.41,8.63,4.51,34.54
kigali_nr2_gisenyi,outbound,118.2,90.6,158.5,78.5,60.2,105.3,93.0,73.1,115.7,25.2,11.1,48.8,0.0,0.0,0.3,67.4,29.8,130.9,21.3,6.39,3.3,25.15,17.13,8.85,67.41,8.63,4.51,34.54
dodoma_t3_rusomo,inbound,82.7,64.5,113.0,41.0,32.0,56.1,59.7,47.9,78.1,23.0,11.5,39.4,0.5,0.3,1.6,61.5,30.9,105.6,27.8,5.97,3.51,20.48,15.99,9.41,54.88,8.06,4.81,29.33
dodoma_t3_rusomo,outbound,98.8,77.1,132.0,49.0,38.3,65.5,75.0,60.0,96.7,23.7,12.2,40.5,0.5,0.3,1.6,63.6,32.7,108.5,24.0,5.97,3.51,20.48,15.99,9.41,54.88,8.06,4.81,29.33
dodoma_t5_arusha,inbound,90.8,71.0,120.6,45.1,35.2,59.8,73.2,58.5,93.6,17.6,8.6,31.6,0.0,0.0,0.0,47.1,23.1,84.8,19.4,4.48,2.4,16.61,12.02,6.42,44.51,6.05,3.31,23.72
dodoma_t5_arusha,outbound,108.1,84.7,141.9,53.6,42.1,70.4,90.6,71.9,115.2,17.5,8.6,31.8,0.0,0.0,0.0,47.0,23.1,85.2,16.2,4.48,2.4,16.61,12.02,6.42,44.51,6.05,3.31,23.72
dodoma_t5_iringa,inbound,88.4,69.0,119.7,43.8,34.2,59.3,68.0,54.5,88.0,20.5,9.9,36.2,0.0,0.0,0.0,54.8,26.6,97.1,23.2,5.17,2.85,18.34,13.86,7.63,49.16,6.98,3.98,26.44
dodoma_t5_iringa,outbound,89.5,69.8,121.1,44.3,34.6,60.0,69.5,55.7,90.0,20.0,9.6,36.0,0.0,0.0,0.0,53.7,25.8,96.5,22.3,5.17,2.85,18.34,13.86,7.63,49.16,6.98,3.98,26.44
dodoma_t3_morogoro,inbound,115.8,89.6,155.4,57.3,44.3,76.9,89.6,71.0,113.8,26.2,13.1,48.4,0.0,0.0,0.0,70.3,35.1,129.8,22.6,6.86,3.76,25.64,18.4,10.08,68.73,9.27,5.07,36.16
dodoma_t3_morogoro,outbound,88.1,67.3,123.4,43.6,33.3,61.1,60.6,48.6,78.2,27.5,14.2,50.8,0.0,0.0,0.0,73.7,38.1,136.2,31.2,6.86,3.76,25.64,18.4,10.08,68.73,9.27,5.07,36.16
dar_es_salaam_t1_tunduma,inbound,521.1,397.2,717.4,55.9,42.6,76.9,344.0,274.7,438.8,177.1,98.4,308.2,3.0,2.2,7.7,474.5,263.7,826.0,34.0,44.64,25.08,155.37,119.63,67.21,416.39,60.26,35.71,218.35
dar_es_salaam_t1_tunduma,outbound,578.0,443.6,781.6,62.0,47.5,83.8,405.6,321.4,514.5,172.4,94.4,298.8,3.0,2.2,7.7,461.9,253.1,800.9,29.8,44.64,25.08,155.37,119.63,67.21,416.39,60.26,35.71,218.35
dar_es_salaam_road_dodoma,inbound,244.2,180.8,343.9,53.7,39.7,75.6,139.6,111.9,180.8,104.6,55.1,177.4,2.0,1.5,5.5,280.4,147.6,475.3,42.8,26.59,16.58,94.13,71.27,44.44,252.26,35.9,22.87,129.89
dar_es_salaam_road_dodoma,outbound,289.6,218.1,396.8,63.6,47.9,87.2,186.0,148.6,237.3,103.6,54.2,175.4,2.0,1.5,5.5,277.5,145.3,470.0,35.8,26.59,16.58,94.13,71.27,44.44,252.26,35.9,22.87,129.89
dar_es_salaam_t7_lindi,inbound,106.9,80.6,146.9,52.5,39.6,72.2,72.1,57.8,93.0,34.8,17.2,60.1,0.1,0.0,0.3,93.2,46.0,161.0,32.6,8.83,4.95,31.89,23.67,13.28,85.47,11.92,6.76,45.67
dar_es_salaam_t7_lindi,outbound,105.6,79.6,145.3,51.9,39.1,71.4,71.3,57.2,92.1,34.3,16.8,59.5,0.1,0.0,0.3,92.0,45.1,159.6,32.5,8.83,4.95,31.89,23.67,13.28,85.47,11.92,6.76,45.67
pretoria_n1_beitbridge,inbound,224.7,181.1,295.7,47.0,37.9,61.9,191.8,153.2,245.3,32.9,23.3,56.8,2.9,2.4,9.3,88.3,62.6,152.3,14.6,8.43,5.53,32.07,22.6,14.82,85.94,11.39,7.56,45.19
pretoria_n1_beitbridge,outbound,180.6,146.5,242.2,37.8,30.7,50.7,147.5,118.3,191.0,33.1,23.5,57.1,2.9,2.4,9.3,88.7,62.9,152.9,18.3,8.43,5.53,32.07,22.6,14.82,85.94,11.39,7.56,45.19
pretoria_n4_lebombo,inbound,227.1,181.1,294.7,54.0,43.1,70.1,200.2,158.5,252.4,26.9,17.7,47.6,1.2,0.9,3.4,72.1,47.5,127.6,11.8,7.09,4.88,25.88,19.0,13.07,69.35,9.57,6.7,36.61
pretoria_n4_lebombo,outbound,177.9,141.9,234.8,42.3,33.8,55.8,149.3,118.8,189.9,28.6,19.0,50.0,1.2,0.9,3.4,76.7,50.9,134.1,16.1,7.09,4.88,25.88,19.0,13.07,69.35,9.57,6.7,36.61
pretoria_n1_cape_town,inbound,94.7,76.2,127.4,47.1,37.9,63.4,78.1,62.4,99.6,16.5,11.4,30.7,0.5,0.2,1.6,44.3,30.6,82.3,17.4,4.04,2.59,15.64,10.82,6.93,41.9,5.45,3.54,22.39
pretoria_n1_cape_town,outbound,92.5,73.7,123.0,46.0,36.6,61.2,77.4,61.8,98.7,15.1,9.6,28.4,0.5,0.2,1.6,40.5,25.7,76.1,16.3,4.04,2.59,15.64,10.82,6.93,41.9,5.45,3.54,22.39
pretoria_n14_springbok,inbound,92.5,72.8,122.3,45.7,36.0,60.4,73.4,58.6,94.0,19.1,11.3,31.5,0.5,0.2,0.8,51.2,30.2,84.4,20.6,4.86,3.08,16.27,13.01,8.26,43.61,6.56,4.24,23.38
pretoria_n14_springbok,outbound,94.6,74.9,125.7,46.7,37.0,62.1,75.7,60.5,96.9,18.9,11.4,31.6,0.5,0.2,0.8,50.7,30.5,84.8,20.0,4.86,3.08,16.27,13.01,8.26,43.61,6.56,4.24,23.38
pretoria_n4_lekubu,inbound,89.6,71.3,118.8,45.0,35.8,59.7,75.4,60.3,96.4,14.2,9.3,25.0,0.3,0.1,1.4,38.1,24.9,67.0,15.8,3.64,2.36,12.95,9.75,6.32,34.71,4.91,3.22,18.76
pretoria_n4_lekubu,outbound,85.3,67.8,113.6,42.9,34.1,57.1,71.1,56.8,90.9,14.2,9.4,25.3,0.3,0.1,1.4,38.2,25.1,67.7,16.6,3.64,2.36,12.95,9.75,6.32,34.71,4.91,3.22,18.76
johannesburg_n3_durban,inbound,341.9,269.1,437.6,59.8,47.1,76.6,277.9,219.5,348.9,64.0,41.5,95.9,4.0,2.9,9.2,171.6,111.3,257.0,18.7,16.6,10.62,52.83,44.5,28.46,141.58,22.41,13.84,75.7
johannesburg_n3_durban,outbound,291.0,228.9,374.5,50.9,40.0,65.5,225.1,178.5,284.6,65.9,42.9,98.2,4.0,2.9,9.2,176.7,115.0,263.2,22.6,16.6,10.62,52.83,44.5,28.46,141.58,22.41,13.84,75.7
johannesburg_n12_de_rust,inbound,121.3,91.1,160.2,60.1,45.1,79.3,72.0,57.8,93.1,49.3,29.1,72.6,2.1,1.0,3.6,132.0,77.9,194.5,40.6,12.63,7.64,38.77,33.84,20.48,103.91,17.05,10.65,54.42
johannesburg_n12_de_rust,outbound,112.9,84.1,150.5,55.9,41.7,74.5,63.4,50.8,82.1,49.6,29.3,73.0,2.1,1.0,3.6,132.9,78.6,195.5,43.9,12.63,7.64,38.77,33.84,20.48,103.91,17.05,10.65,54.42
johannesburg_r59_dealesville,inbound,93.8,73.5,124.0,46.3,36.3,61.2,73.2,58.7,94.6,20.5,11.9,33.0,0.7,0.4,1.2,55.0,32.0,88.5,21.9,5.42,3.48,17.56,14.54,9.31,47.05,7.32,4.7,25.15
johannesburg_r59_dealesville,outbound,81.4,64.0,108.7,40.2,31.6,53.7,59.5,47.7,77.8,21.9,13.0,34.2,0.7,0.4,1.2,58.8,34.9,91.6,26.9,5.42,3.48,17.56,14.54,9.31,47.05,7.32,4.7,25.15
johannesburg_n17_msauli,inbound,88.5,71.2,118.6,42.7,34.4,57.3,74.7,59.7,95.6,13.7,9.6,24.9,0.7,0.3,3.1,36.8,25.8,66.7,15.5,3.53,2.55,13.38,9.45,6.82,35.87,4.76,3.57,19.25
johannesburg_n17_msauli,outbound,86.5,69.6,116.3,41.8,33.6,56.2,72.6,58.0,93.2,13.9,9.7,25.2,0.7,0.3,3.1,37.2,26.0,67.6,16.1,3.53,2.55,13.38,9.45,6.82,35.87,4.76,3.57,19.25
johannesburg_r25_groblersdal,inbound,141.3,107.5,185.6,73.6,56.0,96.7,95.3,75.5,120.2,46.0,26.7,71.3,2.0,1.0,3.4,123.3,71.5,191.1,32.6,12.45,7.53,40.94,33.38,20.19,109.71,16.81,10.41,57.48
johannesburg_r25_groblersdal,outbound,113.1,83.2,151.8,58.9,43.3,79.1,61.6,49.2,78.7,51.5,30.6,79.0,2.0,1.0,3.4,138.0,81.9,211.8,45.5,12.45,7.53,40.94,33.38,20.19,109.71,16.81,10.41,57.48
johannesburg_n12_emalahleni,inbound,65.6,51.2,86.1,49.7,38.8,65.3,50.8,40.6,65.0,14.8,8.6,24.1,0.6,0.3,0.9,39.7,23.0,64.6,22.6,3.84,2.23,13.62,10.28,5.97,36.5,5.18,3.16,18.84
johannesburg_n12_emalahleni,outbound,60.4,47.1,79.3,45.7,35.7,60.1,45.2,36.1,57.8,15.2,9.0,24.5,0.6,0.3,0.9,40.8,24.0,65.5,25.2,3.84,2.23,13.62,10.28,5.97,36.5,5.18,3.16,18.84
johannesburg_r29_evander,inbound,91.7,64.4,126.6,73.1,51.3,100.9,42.1,33.7,54.5,49.6,26.8,76.1,1.8,0.9,3.0,133.0,71.8,203.9,54.1,12.72,7.1,39.83,34.09,19.03,106.75,17.17,9.89,56.42
johannesburg_r29_evander,outbound,89.4,62.5,124.1,71.3,49.8,98.9,39.5,31.7,51.4,49.9,27.2,76.6,1.8,0.9,3.0,133.8,72.8,205.3,55.8,12.72,7.1,39.83,34.09,19.03,106.75,17.17,9.89,56.42
johannesburg_r24_rustenburg,inbound,120.4,85.7,163.1,100.8,71.7,136.5,58.7,46.5,74.2,61.7,34.0,94.1,3.2,1.6,5.3,165.5,91.2,252.2,51.2,15.96,9.36,51.2,42.78,25.09,137.2,21.55,12.67,70.79
johannesburg_r24_rustenburg,outbound,98.8,66.9,138.2,82.6,56.0,115.6,35.6,28.4,45.5,63.2,35.2,95.9,3.2,1.6,5.3,169.4,94.3,256.9,64.0,15.96,9.36,51.2,42.78,25.09,137.2,21.55,12.67,70.79
gaborone_a1_ramokgwebana,inbound,164.9,132.1,226.8,33.0,26.4,45.3,133.7,106.8,179.0,31.2,19.3,52.3,1.3,1.0,3.0,83.7,51.8,140.1,18.9,8.0,5.02,27.55,21.43,13.44,73.84,10.8,6.68,38.65
gaborone_a1_ramokgwebana,outbound,179.2,144.0,244.4,35.8,28.8,48.8,147.9,118.4,196.2,31.4,19.4,52.3,1.3,1.0,3.0,84.0,52.1,140.3,17.5,8.0,5.02,27.55,21.43,13.44,73.84,10.8,6.68,38.65
gaborone_a12_326_km,inbound,82.3,63.8,112.1,41.0,31.8,55.9,56.0,44.8,74.4,26.3,15.2,41.8,1.1,0.5,1.8,70.4,40.7,112.0,32.0,6.74,3.84,22.4,18.06,10.28,60.03,9.1,5.02,32.46
gaborone_a12_326_km,outbound,86.2,67.0,117.0,43.0,33.4,58.3,59.7,47.8,79.2,26.5,15.4,42.0,1.1,0.5,1.8,70.9,41.3,112.5,30.7,6.74,3.84,22.4,18.06,10.28,60.03,9.1,5.02,32.46
gaborone_a1_121_km,inbound,52.6,39.8,71.9,41.9,31.7,57.3,31.7,25.4,42.1,20.8,12.4,32.4,0.6,0.3,0.9,55.8,33.3,86.8,39.5,5.38,3.26,17.61,14.41,8.73,47.19,7.26,4.44,25.36
gaborone_a1_121_km,outbound,66.2,51.0,88.3,52.7,40.6,70.3,44.9,36.0,58.4,21.3,12.7,32.8,0.6,0.3,0.9,57.0,34.0,87.8,32.2,5.38,3.26,17.61,14.41,8.73,47.19,7.26,4.44,25.36
harare_a4_beitbridge,inbound,227.5,183.3,304.4,39.6,31.9,53.0,201.0,161.2,261.0,26.5,16.1,48.8,0.4,0.1,1.9,71.1,43.1,130.7,11.6,6.74,4.22,25.36,18.07,11.32,67.96,9.1,5.88,35.7
harare_a4_beitbridge,outbound,179.4,143.6,245.6,31.2,25.0,42.7,153.2,122.7,202.0,26.3,15.9,48.3,0.4,0.1,1.9,70.4,42.6,129.3,14.7,6.74,4.22,25.36,18.07,11.32,67.96,9.1,5.88,35.7
harare_a1_chirundu,inbound,180.2,142.9,234.9,51.9,41.1,67.6,156.5,124.2,199.0,23.7,14.2,40.7,0.4,0.3,1.0,63.5,37.9,109.0,13.2,6.04,3.65,21.66,16.2,9.78,58.06,8.16,4.94,30.44
harare_a1_chirundu,outbound,131.7,104.0,175.5,37.9,29.9,50.5,108.1,86.5,139.3,23.6,14.2,40.6,0.4,0.3,1.0,63.3,38.2,108.8,17.9,6.04,3.65,21.66,16.2,9.78,58.06,8.16,4.94,30.44
harare_r2_plumtree,inbound,82.2,65.0,111.7,41.0,32.4,55.7,67.1,53.7,87.5,15.1,8.9,27.0,0.1,0.1,0.6,40.4,23.8,72.3,18.4,3.75,2.16,13.41,10.06,5.8,35.94,5.07,2.97,19.19
harare_r2_plumtree,outbound,68.0,53.8,94.8,33.9,26.8,47.3,53.7,43.0,71.1,14.3,8.4,26.2,0.1,0.1,0.6,38.3,22.4,70.3,21.0,3.75,2.16,13.41,10.06,5.8,35.94,5.07,2.97,19.19
harare_r5_mutare,inbound,94.7,74.8,125.4,47.0,37.1,62.2,78.4,62.6,100.0,16.3,9.7,29.1,0.2,0.1,0.6,43.7,25.9,77.9,17.2,4.07,2.56,14.81,10.91,6.86,39.7,5.49,3.51,20.82
harare_r5_mutare,outbound,83.9,66.6,111.8,41.6,33.0,55.5,68.3,54.6,87.4,15.6,9.0,27.9,0.2,0.1,0.6,41.7,24.2,74.8,18.6,4.07,2.56,14.81,10.91,6.86,39.7,5.49,3.51,20.82
harare_p1_mucumbura,inbound,104.4,83.1,136.4,52.1,41.4,68.0,92.4,73.3,116.7,12.0,7.3,22.9,0.2,0.1,0.8,32.2,19.5,61.3,11.5,3.1,1.74,12.19,8.31,4.67,32.67,4.19,2.42,17.13
harare_p1_mucumbura,outbound,81.1,64.5,108.0,40.4,32.2,53.9,68.8,54.8,87.5,12.3,7.5,23.5,0.2,0.1,0.8,32.9,20.1,63.0,15.2,3.1,1.74,12.19,8.31,4.67,32.67,4.19,2.42,17.13
harare_r4_nyamapanda,inbound,107.3,84.7,141.6,53.5,42.3,70.6,90.6,71.9,115.1,16.6,9.8,29.2,0.2,0.1,0.8,44.6,26.2,78.3,15.5,4.25,2.84,15.17,11.4,7.6,40.65,5.74,3.86,22.19
harare_r4_nyamapanda,outbound,78.9,62.3,106.6,39.3,31.1,53.2,62.2,49.7,79.5,16.7,9.9,29.9,0.2,0.1,0.8,44.7,26.6,80.0,21.2,4.25,2.84,15.17,11.4,7.6,40.65,5.74,3.86,22.19
lusaka_t2_chirundu,inbound,105.3,79.3,139.9,77.4,58.3,102.9,71.1,56.4,90.0,34.1,18.2,55.9,0.6,0.3,2.4,91.5,48.8,149.8,32.4,8.9,5.21,28.88,23.86,13.96,77.41,12.02,6.97,42.64
lusaka_t2_chirundu,outbound,70.5,50.8,98.5,51.8,37.4,72.4,34.9,28.1,45.5,35.5,19.5,57.5,0.6,0.3,2.4,95.3,52.2,154.0,50.4,8.9,5.21,28.88,23.86,13.96,77.41,12.02,6.97,42.64
lusaka_t2_nakonde,inbound,412.3,327.9,570.4,40.4,32.2,56.0,327.0,262.5,424.5,85.3,49.4,165.0,1.0,0.5,3.5,228.7,132.4,442.3,20.7,21.85,14.83,86.59,58.57,39.74,232.05,29.5,20.49,118.21
lusaka_t2_nakonde,outbound,426.9,339.5,587.1,41.9,33.3,57.6,341.2,273.7,442.2,85.7,49.8,165.2,1.0,0.5,3.5,229.7,133.5,442.7,20.1,21.85,14.83,86.59,58.57,39.74,232.05,29.5,20.49,118.21
lusaka_t1_livingstone,inbound,227.5,178.8,308.6,48.4,38.0,65.7,157.0,125.9,204.5,70.5,44.1,113.2,1.1,0.9,3.2,188.9,118.1,303.3,31.0,18.18,11.92,60.87,48.72,31.96,163.14,24.54,15.87,87.18
lusaka_t1_livingstone,outbound,211.6,164.6,289.7,45.0,35.0,61.6,139.7,112.1,182.8,71.8,44.9,115.3,1.1,0.9,3.2,192.4,120.4,309.1,33.9,18.18,11.92,60.87,48.72,31.96,163.14,24.54,15.87,87.18
lusaka_m9_mongu,inbound,95.6,74.8,132.8,47.8,37.4,66.4,64.3,51.5,84.0,31.3,20.6,52.2,0.3,0.1,1.2,84.0,55.2,139.9,32.7,7.22,4.6,25.94,19.34,12.34,69.51,9.74,6.26,37.12
lusaka_m9_mongu,outbound,83.1,65.5,117.5,41.5,32.8,58.8,57.9,46.4,76.3,25.1,15.7,44.5,0.3,0.1,1.2,67.4,42.0,119.2,30.2,7.22,4.6,25.94,19.34,12.34,69.51,9.74,6.26,37.12
lusaka_t4_234_km,inbound,117.6,91.2,154.5,58.7,45.5,77.1,90.8,72.0,115.3,26.9,14.2,45.3,0.4,0.2,0.9,72.0,38.0,121.3,22.9,6.99,4.07,24.0,18.72,10.9,64.31,9.43,5.52,33.99
lusaka_t4_234_km,outbound,99.0,76.1,132.0,49.4,37.9,65.8,71.2,56.8,90.6,27.8,15.1,46.8,0.4,0.2,0.9,74.6,40.4,125.5,28.1,6.99,4.07,24.0,18.72,10.9,64.31,9.43,5.52,33.99
maputo_en4_ressano_garcia,inbound,57.9,40.0,80.3,61.9,42.8,85.9,27.7,22.2,36.3,30.1,15.0,47.2,0.6,0.4,1.4,80.8,40.1,126.4,52.0,7.72,4.09,25.28,20.68,10.97,67.75,10.42,5.56,36.01
maputo_en4_ressano_garcia,outbound,64.2,45.3,87.5,68.6,48.4,93.6,33.9,27.2,43.8,30.3,14.9,47.2,0.6,0.4,1.4,81.1,40.0,126.6,47.2,7.72,4.09,25.28,20.68,10.97,67.75,10.42,5.56,36.01
maputo_n1_pemba,inbound,124.4,84.0,184.4,62.1,41.9,92.0,59.9,48.0,79.2,64.5,27.9,114.2,0.6,0.5,2.0,172.8,74.7,306.0,51.8,16.56,8.65,58.3,44.38,23.18,156.24,22.36,12.5,81.45
maputo_n1_pemba,outbound,124.3,83.7,184.4,62.0,41.8,92.0,59.2,47.4,78.3,65.1,28.5,115.4,0.6,0.5,2.0,174.6,76.4,309.2,52.4,16.56,8.65,58.3,44.38,23.18,156.24,22.36,12.5,81.45
windhoek_b2_walvis_bay,inbound,178.1,142.9,232.0,44.9,36.0,58.4,165.0,131.9,212.0,13.1,8.7,22.5,0.8,0.6,2.2,35.2,23.2,60.2,7.4,3.18,2.08,11.4,8.53,5.56,30.56,4.3,2.76,16.26
windhoek_b2_walvis_bay,outbound,89.9,72.7,123.6,22.6,18.3,31.1,78.1,62.4,105.1,11.8,7.6,20.7,0.8,0.6,2.2,31.6,20.4,55.5,13.1,3.18,2.08,11.4,8.53,5.56,30.56,4.3,2.76,16.26
windhoek_b6_buitepos,inbound,120.5,96.7,159.3,37.9,30.5,50.2,106.9,85.6,139.8,13.6,8.6,21.6,0.9,0.7,2.2,36.5,23.0,58.0,11.3,3.43,2.25,11.35,9.19,6.03,30.43,4.63,3.11,16.46
windhoek_b6_buitepos,outbound,97.2,78.1,131.7,30.6,24.6,41.5,84.0,67.1,112.0,13.2,8.4,21.6,0.9,0.7,2.2,35.4,22.4,57.9,13.6,3.43,2.25,11.35,9.19,6.03,30.43,4.63,3.11,16.46
windhoek_b1_797_km,inbound,91.2,72.5,119.9,44.7,35.5,58.8,75.2,60.3,97.5,16.1,9.4,25.1,0.9,0.5,1.5,43.1,25.2,67.2,17.7,4.05,2.39,13.19,10.85,6.4,35.34,5.46,3.29,18.01
windhoek_b1_797_km,outbound,67.6,53.3,91.1,33.1,26.1,44.6,51.9,41.6,69.1,15.6,9.1,24.5,0.9,0.5,1.5,41.9,24.3,65.7,23.1,4.05,2.39,13.19,10.85,6.4,35.34,5.46,3.29,18.01
windhoek_c28_swakopmund,inbound,118.9,93.4,150.6,58.1,45.7,73.6,111.1,87.6,138.9,7.8,4.8,12.6,0.2,0.1,0.3,20.9,12.8,33.7,6.6,2.07,1.25,6.72,5.55,3.35,18.02,2.8,1.74,9.52
windhoek_c28_swakopmund,outbound,99.1,77.6,126.2,48.5,37.9,61.7,90.7,71.6,114.0,8.4,5.2,13.3,0.2,0.1,0.3,22.6,13.8,35.5,8.5,2.07,1.25,6.72,5.55,3.35,18.02,2.8,1.74,9.52
windhoek_c26_194_km,inbound,117.8,92.8,149.2,59.4,46.7,75.2,96.9,76.9,122.4,20.9,13.1,29.8,1.8,1.3,3.5,56.0,35.1,79.8,17.7,5.25,3.32,16.1,14.08,8.89,43.14,7.09,4.53,22.76
windhoek_c26_194_km,outbound,89.9,70.9,114.6,45.3,35.7,57.7,69.7,55.5,88.6,20.2,12.8,29.0,1.8,1.3,3.5,54.3,34.4,77.6,22.5,5.25,3.32,16.1,14.08,8.89,43.14,7.09,4.53,22.76
