corridor,vehicle,dry_min,median_min,p95_min,worst_min,buffer_index,days_over_2pct_slower,share_road_wet_mean
kampala_a1_malaba,car,217.4,217.4,235.7,238.5,0.084,86.6,0.151
kampala_a6_elegu,car,359.1,359.1,382.9,396.9,0.066,79.6,0.116
kampala_a2_katuna,car,365.6,365.6,385.7,404.1,0.055,69.7,0.095
kampala_a9_hoima,car,167.4,167.4,179.8,185.2,0.074,64.9,0.101
kampala_a5_bwera,car,350.6,350.6,371.0,388.4,0.058,67.9,0.093
nairobi_a8_mombasa,car,361.0,361.0,376.1,399.8,0.042,42.2,0.059
nairobi_a8_malaba,car,408.5,408.5,433.9,448.9,0.062,97.2,0.141
nairobi_a2_moyale,car,169.7,169.7,181.6,187.2,0.071,50.7,0.085
nairobi_a2_namanga,car,132.1,132.1,140.2,145.8,0.061,37.0,0.062
kigali_nr3_gatuna,car,67.0,67.0,73.5,74.3,0.096,48.0,0.1
kigali_road_rusumo,car,156.7,156.7,168.7,173.1,0.076,51.7,0.088
kigali_nr1_huye,car,153.2,153.2,165.6,169.2,0.081,62.6,0.106
kigali_nr2_gisenyi,car,152.4,152.4,165.2,168.6,0.084,69.5,0.109
dodoma_t3_rusomo,car,154.2,154.2,166.2,170.6,0.078,41.9,0.077
dodoma_t5_arusha,car,155.4,155.4,167.3,172.2,0.077,42.2,0.077
dodoma_t5_iringa,car,156.9,156.9,167.4,173.8,0.067,37.8,0.069
dodoma_t3_morogoro,car,158.2,158.2,170.0,175.2,0.075,43.3,0.08
dar_es_salaam_t1_tunduma,car,792.3,792.3,839.2,874.0,0.059,71.0,0.104
dar_es_salaam_road_dodoma,car,399.6,399.6,423.8,439.9,0.061,57.2,0.089
dar_es_salaam_t7_lindi,car,169.0,169.0,184.0,186.6,0.089,57.5,0.106
pretoria_n1_beitbridge,car,341.6,341.6,356.0,378.3,0.042,35.5,0.051
pretoria_n4_lebombo,car,300.9,300.9,319.3,333.2,0.061,53.3,0.08
pretoria_n1_cape_town,car,140.9,140.9,148.6,155.8,0.055,39.3,0.064
pretoria_n14_springbok,car,151.6,151.6,159.5,167.1,0.052,37.0,0.062
pretoria_n4_lekubu,car,136.5,136.5,143.8,151.3,0.054,35.5,0.058
johannesburg_n3_durban,car,436.9,436.9,455.5,477.0,0.042,43.4,0.069
johannesburg_n12_de_rust,car,192.8,192.8,200.1,208.4,0.038,31.6,0.057
johannesburg_r59_dealesville,car,155.0,155.0,162.7,170.3,0.049,34.3,0.059
johannesburg_n17_msauli,car,145.6,145.6,155.3,161.2,0.066,41.0,0.071
johannesburg_r25_groblersdal,car,195.1,195.1,203.4,210.9,0.043,35.2,0.064
johannesburg_n12_emalahleni,car,100.5,100.5,106.4,110.2,0.059,35.3,0.069
johannesburg_r29_evander,car,153.1,153.1,161.0,164.6,0.052,32.6,0.069
johannesburg_r24_rustenburg,car,182.0,182.0,189.0,193.3,0.039,31.3,0.066
gaborone_a1_ramokgwebana,car,359.3,359.3,372.0,397.2,0.035,26.2,0.042
gaborone_a12_326_km,car,171.4,171.4,175.8,187.5,0.026,19.9,0.037
gaborone_a1_121_km,car,104.7,104.7,108.1,114.6,0.032,22.1,0.041
harare_a4_beitbridge,car,397.3,397.3,418.4,440.9,0.053,39.0,0.06
harare_a1_chirundu,car,254.7,254.7,271.5,282.0,0.066,47.2,0.079
harare_r2_plumtree,car,140.3,140.3,151.7,155.5,0.082,43.1,0.081
harare_r5_mutare,car,142.6,142.6,155.4,158.1,0.09,44.5,0.086
harare_p1_mucumbura,car,140.3,140.3,151.9,155.7,0.083,46.3,0.084
harare_r4_nyamapanda,car,143.9,143.9,155.9,159.5,0.084,45.6,0.084
lusaka_t2_chirundu,car,125.4,125.4,135.2,137.5,0.079,41.2,0.081
lusaka_t2_nakonde,car,737.2,737.2,788.4,816.9,0.069,77.7,0.113
lusaka_t1_livingstone,car,362.1,362.1,384.7,399.8,0.062,43.7,0.073
lusaka_m9_mongu,car,151.6,151.6,163.8,167.4,0.081,45.0,0.086
lusaka_t4_234_km,car,159.9,159.9,173.7,176.4,0.086,46.1,0.09
maputo_en4_ressano_garcia,car,95.9,95.9,100.3,104.4,0.046,25.4,0.057
maputo_n1_pemba,car,200.5,200.5,211.7,220.3,0.056,31.8,0.062
windhoek_b2_walvis_bay,car,270.6,270.6,272.0,300.1,0.005,10.1,0.013
windhoek_b6_buitepos,car,226.2,226.2,230.3,250.2,0.018,17.2,0.029
windhoek_b1_797_km,car,161.0,161.0,161.0,176.8,0.0,11.4,0.016
windhoek_c28_swakopmund,car,148.3,148.3,148.3,164.3,0.0,12.1,0.017
windhoek_c26_194_km,car,168.5,168.5,169.5,184.1,0.006,11.2,0.018
kampala_a1_malaba,truck,304.5,304.5,327.8,331.4,0.077,86.6,0.151
kampala_a6_elegu,truck,481.4,481.4,512.2,530.1,0.064,78.3,0.116
kampala_a2_katuna,truck,527.4,527.4,554.7,579.8,0.052,64.2,0.095
kampala_a9_hoima,truck,227.7,227.7,244.3,251.7,0.073,64.4,0.101
kampala_a5_bwera,truck,494.8,494.8,523.2,547.8,0.057,64.1,0.093
nairobi_a8_mombasa,truck,501.7,501.7,521.2,552.1,0.039,37.6,0.059
nairobi_a8_malaba,truck,575.1,575.1,609.1,628.6,0.059,88.6,0.141
nairobi_a2_moyale,truck,245.2,245.2,262.0,269.4,0.068,46.9,0.085
nairobi_a2_namanga,truck,200.4,200.4,210.6,217.6,0.051,29.3,0.062
kigali_nr3_gatuna,truck,89.5,89.5,98.2,99.3,0.097,48.0,0.1
kigali_road_rusumo,truck,207.4,207.4,222.9,228.9,0.075,50.9,0.088
kigali_nr1_huye,truck,212.8,212.8,230.1,235.1,0.081,63.2,0.106
kigali_nr2_gisenyi,truck,211.5,211.5,228.4,233.8,0.08,69.5,0.109
dodoma_t3_rusomo,truck,212.7,212.7,228.5,234.2,0.074,40.1,0.077
dodoma_t5_arusha,truck,214.1,214.1,230.1,237.3,0.074,41.3,0.077
dodoma_t5_iringa,truck,202.2,202.2,215.5,224.0,0.065,36.9,0.069
dodoma_t3_morogoro,truck,206.0,206.0,221.7,228.1,0.076,43.3,0.08
dar_es_salaam_t1_tunduma,truck,1102.8,1102.8,1166.4,1212.6,0.058,69.3,0.104
dar_es_salaam_road_dodoma,truck,548.3,548.3,579.8,600.4,0.058,53.0,0.089
dar_es_salaam_t7_lindi,truck,221.5,221.5,241.2,244.4,0.089,56.7,0.106
pretoria_n1_beitbridge,truck,508.3,508.3,527.7,557.6,0.038,32.7,0.051
pretoria_n4_lebombo,truck,431.4,431.4,456.7,476.4,0.059,53.0,0.08
pretoria_n1_cape_town,truck,207.7,207.7,219.7,229.5,0.058,37.7,0.064
pretoria_n14_springbok,truck,207.4,207.4,218.6,229.0,0.054,39.1,0.062
pretoria_n4_lekubu,truck,197.6,197.6,208.1,218.7,0.053,35.5,0.058
johannesburg_n3_durban,truck,646.7,646.7,674.3,707.1,0.043,44.0,0.069
johannesburg_n12_de_rust,truck,243.7,243.7,253.6,264.7,0.041,32.4,0.057
johannesburg_r59_dealesville,truck,204.5,204.5,214.9,225.2,0.051,34.4,0.059
johannesburg_n17_msauli,truck,209.5,209.5,223.1,231.1,0.065,41.0,0.071
johannesburg_r25_groblersdal,truck,245.1,245.1,256.3,266.2,0.046,35.7,0.064
johannesburg_n12_emalahleni,truck,143.0,143.0,152.1,157.3,0.063,34.6,0.069
johannesburg_r29_evander,truck,182.2,182.2,191.7,196.6,0.052,32.6,0.069
johannesburg_r24_rustenburg,truck,212.5,212.5,221.6,226.8,0.043,32.2,0.066
gaborone_a1_ramokgwebana,truck,475.1,475.1,491.6,524.2,0.035,26.0,0.042
gaborone_a12_326_km,truck,212.0,212.0,217.7,232.4,0.027,19.9,0.037
gaborone_a1_121_km,truck,134.2,134.2,138.6,147.2,0.033,22.1,0.041
harare_a4_beitbridge,truck,526.3,526.3,553.9,583.4,0.052,38.8,0.06
harare_a1_chirundu,truck,342.4,342.4,365.3,379.0,0.067,47.2,0.079
harare_r2_plumtree,truck,187.0,187.0,201.9,207.2,0.08,43.4,0.081
harare_r5_mutare,truck,195.6,195.6,213.1,216.7,0.089,44.5,0.086
harare_p1_mucumbura,truck,197.2,197.2,213.5,218.6,0.082,45.2,0.084
harare_r4_nyamapanda,truck,196.8,196.8,213.1,218.0,0.083,44.9,0.084
lusaka_t2_chirundu,truck,162.7,162.7,175.1,177.9,0.076,40.5,0.081
lusaka_t2_nakonde,truck,986.6,986.6,1054.8,1092.6,0.069,77.5,0.113
lusaka_t1_livingstone,truck,480.1,480.1,509.2,528.8,0.061,43.6,0.073
lusaka_m9_mongu,truck,198.4,198.4,214.2,218.9,0.08,45.0,0.086
lusaka_t4_234_km,truck,216.8,216.8,236.1,239.1,0.089,46.4,0.09
maputo_en4_ressano_garcia,truck,120.5,120.5,126.2,131.0,0.047,25.4,0.057
maputo_n1_pemba,truck,255.2,255.2,268.4,278.9,0.052,31.9,0.062
windhoek_b2_walvis_bay,truck,369.7,369.7,371.6,408.8,0.005,10.1,0.013
windhoek_b6_buitepos,truck,303.3,303.3,308.6,334.6,0.018,17.1,0.029
windhoek_b1_797_km,truck,205.0,205.0,205.0,225.4,0.0,11.4,0.016
windhoek_c28_swakopmund,truck,214.8,214.8,214.8,238.2,0.0,12.1,0.017
windhoek_c26_194_km,truck,233.4,233.4,235.0,254.9,0.007,11.2,0.018
