corridor,vehicle,month,mean_min,p95_min,share_road_wet
kampala_a1_malaba,car,1,218.7,227.4,0.059
kampala_a1_malaba,car,2,218.9,229.7,0.072
kampala_a1_malaba,car,3,220.8,235.9,0.16
kampala_a1_malaba,car,4,223.7,238.5,0.304
kampala_a1_malaba,car,5,222.1,235.9,0.227
kampala_a1_malaba,car,6,219.8,231.9,0.115
kampala_a1_malaba,car,7,219.0,227.6,0.076
kampala_a1_malaba,car,8,219.9,232.9,0.117
kampala_a1_malaba,car,9,220.3,232.9,0.135
kampala_a1_malaba,car,10,221.5,235.9,0.195
kampala_a1_malaba,car,11,222.2,238.5,0.229
kampala_a1_malaba,car,12,219.9,232.9,0.117
kampala_a6_elegu,car,1,359.6,361.6,0.012
kampala_a6_elegu,car,2,359.9,363.6,0.021
kampala_a6_elegu,car,3,362.4,379.6,0.083
kampala_a6_elegu,car,4,366.1,388.9,0.183
kampala_a6_elegu,car,5,365.3,385.3,0.161
kampala_a6_elegu,car,6,364.0,381.0,0.129
kampala_a6_elegu,car,7,363.4,379.7,0.116
kampala_a6_elegu,car,8,365.7,385.1,0.176
kampala_a6_elegu,car,9,364.6,384.4,0.147
kampala_a6_elegu,car,10,365.5,388.8,0.17
kampala_a6_elegu,car,11,363.9,384.0,0.124
kampala_a6_elegu,car,12,361.4,374.7,0.06
kampala_a2_katuna,car,1,367.0,376.7,0.037
kampala_a2_katuna,car,2,367.1,377.0,0.04
kampala_a2_katuna,car,3,370.6,387.4,0.127
kampala_a2_katuna,car,4,373.6,396.5,0.207
kampala_a2_katuna,car,5,370.7,388.6,0.129
kampala_a2_katuna,car,6,367.3,375.5,0.042
kampala_a2_katuna,car,7,366.3,371.4,0.018
kampala_a2_katuna,car,8,368.0,381.5,0.061
kampala_a2_katuna,car,9,369.2,384.9,0.093
kampala_a2_katuna,car,10,370.4,388.1,0.124
kampala_a2_katuna,car,11,371.1,388.5,0.142
kampala_a2_katuna,car,12,370.0,387.3,0.115
kampala_a9_hoima,car,1,167.8,170.0,0.021
kampala_a9_hoima,car,2,167.9,170.5,0.028
kampala_a9_hoima,car,3,169.5,181.3,0.116
kampala_a9_hoima,car,4,170.9,184.6,0.197
kampala_a9_hoima,car,5,169.9,180.6,0.141
kampala_a9_hoima,car,6,168.5,175.9,0.064
kampala_a9_hoima,car,7,168.4,175.7,0.06
kampala_a9_hoima,car,8,169.2,177.9,0.104
kampala_a9_hoima,car,9,169.4,179.8,0.115
kampala_a9_hoima,car,10,169.9,182.3,0.145
kampala_a9_hoima,car,11,169.9,181.8,0.142
kampala_a9_hoima,car,12,168.7,177.1,0.073
kampala_a5_bwera,car,1,351.4,356.3,0.021
kampala_a5_bwera,car,2,351.6,357.9,0.026
kampala_a5_bwera,car,3,354.9,372.9,0.111
kampala_a5_bwera,car,4,357.7,381.4,0.185
kampala_a5_bwera,car,5,354.4,370.3,0.098
kampala_a5_bwera,car,6,352.6,362.6,0.052
kampala_a5_bwera,car,7,351.6,358.2,0.027
kampala_a5_bwera,car,8,354.2,371.2,0.094
kampala_a5_bwera,car,9,354.9,372.1,0.112
kampala_a5_bwera,car,10,357.0,376.6,0.171
kampala_a5_bwera,car,11,355.7,372.9,0.133
kampala_a5_bwera,car,12,353.8,369.6,0.084
nairobi_a8_mombasa,car,1,362.1,369.6,0.029
nairobi_a8_mombasa,car,2,361.9,367.8,0.024
nairobi_a8_mombasa,car,3,365.4,386.1,0.115
nairobi_a8_mombasa,car,4,366.8,386.1,0.148
nairobi_a8_mombasa,car,5,362.9,371.0,0.047
nairobi_a8_mombasa,car,6,361.6,366.0,0.014
nairobi_a8_mombasa,car,7,361.4,364.0,0.01
nairobi_a8_mombasa,car,8,361.5,365.1,0.012
nairobi_a8_mombasa,car,9,361.3,362.5,0.008
nairobi_a8_mombasa,car,10,362.6,371.3,0.041
nairobi_a8_mombasa,car,11,366.6,386.0,0.145
nairobi_a8_mombasa,car,12,365.6,386.4,0.119
nairobi_a8_malaba,car,1,410.1,421.1,0.041
nairobi_a8_malaba,car,2,411.0,424.7,0.062
nairobi_a8_malaba,car,3,414.0,438.0,0.137
nairobi_a8_malaba,car,4,419.9,443.7,0.285
nairobi_a8_malaba,car,5,417.0,438.5,0.214
nairobi_a8_malaba,car,6,413.7,429.4,0.131
nairobi_a8_malaba,car,7,414.7,431.2,0.158
nairobi_a8_malaba,car,8,415.1,432.9,0.168
nairobi_a8_malaba,car,9,413.5,428.0,0.129
nairobi_a8_malaba,car,10,414.0,432.5,0.14
nairobi_a8_malaba,car,11,414.1,433.5,0.141
nairobi_a8_malaba,car,12,411.9,429.3,0.084
nairobi_a2_moyale,car,1,170.4,176.4,0.042
nairobi_a2_moyale,car,2,170.5,175.9,0.046
nairobi_a2_moyale,car,3,171.6,184.7,0.11
nairobi_a2_moyale,car,4,174.5,187.2,0.279
nairobi_a2_moyale,car,5,171.7,183.6,0.115
nairobi_a2_moyale,car,6,170.1,172.2,0.025
nairobi_a2_moyale,car,7,169.9,172.0,0.016
nairobi_a2_moyale,car,8,170.1,173.3,0.026
nairobi_a2_moyale,car,9,170.0,172.2,0.02
nairobi_a2_moyale,car,10,171.2,180.4,0.087
nairobi_a2_moyale,car,11,172.7,186.0,0.174
nairobi_a2_moyale,car,12,171.2,181.2,0.085
nairobi_a2_namanga,car,1,132.9,139.7,0.054
nairobi_a2_namanga,car,2,132.9,139.4,0.054
nairobi_a2_namanga,car,3,133.9,145.8,0.129
nairobi_a2_namanga,car,4,134.8,145.8,0.195
nairobi_a2_namanga,car,5,132.9,138.0,0.054
nairobi_a2_namanga,car,6,132.2,132.1,0.006
nairobi_a2_namanga,car,7,132.2,132.1,0.001
nairobi_a2_namanga,car,8,132.2,132.1,0.002
nairobi_a2_namanga,car,9,132.2,132.1,0.003
nairobi_a2_namanga,car,10,132.6,135.3,0.031
nairobi_a2_namanga,car,11,133.7,142.6,0.11
nairobi_a2_namanga,car,12,133.5,144.9,0.103
kigali_nr3_gatuna,car,1,67.4,71.6,0.058
kigali_nr3_gatuna,car,2,67.7,73.5,0.089
kigali_nr3_gatuna,car,3,68.2,74.3,0.156
kigali_nr3_gatuna,car,4,68.7,74.3,0.228
kigali_nr3_gatuna,car,5,67.9,74.3,0.118
kigali_nr3_gatuna,car,6,67.1,67.0,0.017
kigali_nr3_gatuna,car,7,67.0,67.0,0.0
kigali_nr3_gatuna,car,8,67.3,67.9,0.037
kigali_nr3_gatuna,car,9,67.6,71.6,0.082
kigali_nr3_gatuna,car,10,68.1,74.3,0.149
kigali_nr3_gatuna,car,11,68.2,74.3,0.161
kigali_nr3_gatuna,car,12,67.8,74.3,0.104
kigali_road_rusumo,car,1,157.7,164.5,0.06
kigali_road_rusumo,car,2,158.0,169.7,0.079
kigali_road_rusumo,car,3,159.1,173.1,0.147
kigali_road_rusumo,car,4,160.3,173.1,0.219
kigali_road_rusumo,car,5,158.4,168.5,0.101
kigali_road_rusumo,car,6,156.8,156.7,0.005
kigali_road_rusumo,car,7,156.7,156.7,0.0
kigali_road_rusumo,car,8,156.9,156.7,0.01
kigali_road_rusumo,car,9,157.5,163.6,0.046
kigali_road_rusumo,car,10,158.7,169.0,0.119
kigali_road_rusumo,car,11,159.3,171.6,0.156
kigali_road_rusumo,car,12,158.7,170.7,0.117
kigali_nr1_huye,car,1,154.7,165.3,0.093
kigali_nr1_huye,car,2,154.8,166.3,0.096
kigali_nr1_huye,car,3,155.6,168.2,0.15
kigali_nr1_huye,car,4,157.0,168.6,0.236
kigali_nr1_huye,car,5,155.2,165.5,0.127
kigali_nr1_huye,car,6,153.4,153.2,0.011
kigali_nr1_huye,car,7,153.2,153.2,0.001
kigali_nr1_huye,car,8,153.6,156.2,0.027
kigali_nr1_huye,car,9,154.5,163.6,0.082
kigali_nr1_huye,car,10,155.5,167.0,0.141
kigali_nr1_huye,car,11,156.1,167.6,0.181
kigali_nr1_huye,car,12,155.2,167.5,0.125
kigali_nr2_gisenyi,car,1,153.5,161.3,0.071
kigali_nr2_gisenyi,car,2,154.0,165.2,0.101
kigali_nr2_gisenyi,car,3,155.0,168.6,0.162
kigali_nr2_gisenyi,car,4,155.9,168.6,0.218
kigali_nr2_gisenyi,car,5,154.7,167.4,0.144
kigali_nr2_gisenyi,car,6,152.8,156.3,0.028
kigali_nr2_gisenyi,car,7,152.5,152.4,0.004
kigali_nr2_gisenyi,car,8,153.1,156.8,0.041
kigali_nr2_gisenyi,car,9,153.9,162.3,0.093
kigali_nr2_gisenyi,car,10,154.8,167.6,0.147
kigali_nr2_gisenyi,car,11,155.5,167.6,0.191
kigali_nr2_gisenyi,car,12,154.3,166.2,0.115
dodoma_t3_rusomo,car,1,158.1,170.6,0.238
dodoma_t3_rusomo,car,2,157.1,170.6,0.174
dodoma_t3_rusomo,car,3,157.0,170.6,0.172
dodoma_t3_rusomo,car,4,155.5,163.0,0.082
dodoma_t3_rusomo,car,5,154.2,154.2,0.002
dodoma_t3_rusomo,car,6,154.2,154.2,0.0
dodoma_t3_rusomo,car,7,154.2,154.2,0.0
dodoma_t3_rusomo,car,8,154.2,154.2,0.0
dodoma_t3_rusomo,car,9,154.2,154.2,0.0
dodoma_t3_rusomo,car,10,154.2,154.2,0.001
dodoma_t3_rusomo,car,11,155.1,160.6,0.053
dodoma_t3_rusomo,car,12,157.6,170.6,0.207
dodoma_t5_arusha,car,1,159.1,172.2,0.217
dodoma_t5_arusha,car,2,158.8,172.2,0.201
dodoma_t5_arusha,car,3,158.2,172.2,0.168
dodoma_t5_arusha,car,4,157.1,167.7,0.105
dodoma_t5_arusha,car,5,155.6,155.4,0.013
dodoma_t5_arusha,car,6,155.4,155.4,0.0
dodoma_t5_arusha,car,7,155.4,155.4,0.0
dodoma_t5_arusha,car,8,155.4,155.4,0.0
dodoma_t5_arusha,car,9,155.4,155.4,0.0
dodoma_t5_arusha,car,10,155.4,155.4,0.001
dodoma_t5_arusha,car,11,156.2,162.5,0.051
dodoma_t5_arusha,car,12,158.4,172.2,0.18
dodoma_t5_iringa,car,1,160.8,173.8,0.228
dodoma_t5_iringa,car,2,159.9,173.3,0.175
dodoma_t5_iringa,car,3,159.5,172.2,0.153
dodoma_t5_iringa,car,4,158.2,166.7,0.077
dodoma_t5_iringa,car,5,156.9,156.9,0.001
dodoma_t5_iringa,car,6,156.9,156.9,0.0
dodoma_t5_iringa,car,7,156.9,156.9,0.0
dodoma_t5_iringa,car,8,156.9,156.9,0.0
dodoma_t5_iringa,car,9,156.9,156.9,0.0
dodoma_t5_iringa,car,10,156.9,156.9,0.0
dodoma_t5_iringa,car,11,157.3,158.5,0.024
dodoma_t5_iringa,car,12,159.8,173.8,0.17
dodoma_t3_morogoro,car,1,162.2,175.2,0.23
dodoma_t3_morogoro,car,2,161.1,173.5,0.165
dodoma_t3_morogoro,car,3,161.2,175.2,0.173
dodoma_t3_morogoro,car,4,160.3,170.0,0.123
dodoma_t3_morogoro,car,5,158.6,161.1,0.025
dodoma_t3_morogoro,car,6,158.2,158.2,0.0
dodoma_t3_morogoro,car,7,158.2,158.2,0.0
dodoma_t3_morogoro,car,8,158.2,158.2,0.0
dodoma_t3_morogoro,car,9,158.2,158.2,0.001
dodoma_t3_morogoro,car,10,158.3,158.2,0.006
dodoma_t3_morogoro,car,11,159.1,165.0,0.052
dodoma_t3_morogoro,car,12,161.5,175.2,0.191
dar_es_salaam_t1_tunduma,car,1,812.4,859.8,0.247
dar_es_salaam_t1_tunduma,car,2,808.2,850.2,0.196
dar_es_salaam_t1_tunduma,car,3,811.9,854.2,0.24
dar_es_salaam_t1_tunduma,car,4,808.8,845.5,0.2
dar_es_salaam_t1_tunduma,car,5,796.3,814.8,0.047
dar_es_salaam_t1_tunduma,car,6,792.7,794.8,0.005
dar_es_salaam_t1_tunduma,car,7,792.5,792.3,0.002
dar_es_salaam_t1_tunduma,car,8,792.5,792.3,0.002
dar_es_salaam_t1_tunduma,car,9,792.6,794.4,0.004
dar_es_salaam_t1_tunduma,car,10,794.2,806.1,0.022
dar_es_salaam_t1_tunduma,car,11,799.3,825.2,0.085
dar_es_salaam_t1_tunduma,car,12,809.1,853.3,0.205
dar_es_salaam_road_dodoma,car,1,406.8,433.5,0.181
dar_es_salaam_road_dodoma,car,2,404.6,426.7,0.125
dar_es_salaam_road_dodoma,car,3,406.8,434.1,0.178
dar_es_salaam_road_dodoma,car,4,407.9,428.2,0.203
dar_es_salaam_road_dodoma,car,5,402.3,416.3,0.066
dar_es_salaam_road_dodoma,car,6,400.0,401.8,0.009
dar_es_salaam_road_dodoma,car,7,399.8,399.6,0.004
dar_es_salaam_road_dodoma,car,8,399.8,399.6,0.004
dar_es_salaam_road_dodoma,car,9,399.9,401.7,0.008
dar_es_salaam_road_dodoma,car,10,400.9,410.5,0.032
dar_es_salaam_road_dodoma,car,11,403.4,421.2,0.094
dar_es_salaam_road_dodoma,car,12,406.1,434.1,0.163
dar_es_salaam_t7_lindi,car,1,171.3,186.6,0.135
dar_es_salaam_t7_lindi,car,2,170.9,183.8,0.109
dar_es_salaam_t7_lindi,car,3,172.5,186.6,0.203
dar_es_salaam_t7_lindi,car,4,174.8,186.6,0.331
dar_es_salaam_t7_lindi,car,5,171.3,184.0,0.131
dar_es_salaam_t7_lindi,car,6,169.4,169.0,0.021
dar_es_salaam_t7_lindi,car,7,169.1,169.0,0.004
dar_es_salaam_t7_lindi,car,8,169.0,169.0,0.001
dar_es_salaam_t7_lindi,car,9,169.1,169.0,0.006
dar_es_salaam_t7_lindi,car,10,169.8,175.2,0.043
dar_es_salaam_t7_lindi,car,11,171.3,184.0,0.132
dar_es_salaam_t7_lindi,car,12,171.8,186.6,0.162
pretoria_n1_beitbridge,car,1,346.4,366.8,0.129
pretoria_n1_beitbridge,car,2,345.7,364.0,0.11
pretoria_n1_beitbridge,car,3,344.0,357.0,0.064
pretoria_n1_beitbridge,car,4,343.0,351.1,0.036
pretoria_n1_beitbridge,car,5,341.8,341.6,0.004
pretoria_n1_beitbridge,car,6,341.7,341.6,0.0
pretoria_n1_beitbridge,car,7,341.6,341.6,0.0
pretoria_n1_beitbridge,car,8,341.6,341.6,0.0
pretoria_n1_beitbridge,car,9,341.9,341.6,0.006
pretoria_n1_beitbridge,car,10,343.2,351.1,0.042
pretoria_n1_beitbridge,car,11,344.9,361.3,0.088
pretoria_n1_beitbridge,car,12,346.6,366.1,0.135
pretoria_n4_lebombo,car,1,307.1,327.6,0.193
pretoria_n4_lebombo,car,2,305.7,323.2,0.149
pretoria_n4_lebombo,car,3,304.4,319.4,0.108
pretoria_n4_lebombo,car,4,302.8,314.0,0.06
pretoria_n4_lebombo,car,5,301.2,300.9,0.011
pretoria_n4_lebombo,car,6,301.0,300.9,0.003
pretoria_n4_lebombo,car,7,300.9,300.9,0.001
pretoria_n4_lebombo,car,8,301.0,300.9,0.002
pretoria_n4_lebombo,car,9,301.7,306.1,0.026
pretoria_n4_lebombo,car,10,303.5,319.0,0.08
pretoria_n4_lebombo,car,11,305.4,323.2,0.14
pretoria_n4_lebombo,car,12,307.1,325.7,0.192
pretoria_n1_cape_town,car,1,143.2,153.8,0.156
pretoria_n1_cape_town,car,2,142.6,151.2,0.111
pretoria_n1_cape_town,car,3,142.3,150.6,0.097
pretoria_n1_cape_town,car,4,141.8,147.6,0.06
pretoria_n1_cape_town,car,5,141.0,140.9,0.01
pretoria_n1_cape_town,car,6,140.9,140.9,0.001
pretoria_n1_cape_town,car,7,140.9,140.9,0.0
pretoria_n1_cape_town,car,8,140.9,140.9,0.001
pretoria_n1_cape_town,car,9,141.1,140.9,0.016
pretoria_n1_cape_town,car,10,141.8,148.9,0.064
pretoria_n1_cape_town,car,11,142.5,152.9,0.11
pretoria_n1_cape_town,car,12,143.0,153.1,0.14
pretoria_n14_springbok,car,1,154.1,165.2,0.158
pretoria_n14_springbok,car,2,153.4,162.3,0.114
pretoria_n14_springbok,car,3,153.0,161.9,0.092
pretoria_n14_springbok,car,4,152.6,159.5,0.062
pretoria_n14_springbok,car,5,151.7,151.6,0.009
pretoria_n14_springbok,car,6,151.6,151.6,0.0
pretoria_n14_springbok,car,7,151.6,151.6,0.001
pretoria_n14_springbok,car,8,151.6,151.6,0.001
pretoria_n14_springbok,car,9,151.8,151.6,0.011
pretoria_n14_springbok,car,10,152.6,160.3,0.062
pretoria_n14_springbok,car,11,153.1,162.4,0.099
pretoria_n14_springbok,car,12,153.8,164.3,0.139
pretoria_n4_lekubu,car,1,138.8,150.0,0.153
pretoria_n4_lekubu,car,2,138.3,149.2,0.125
pretoria_n4_lekubu,car,3,137.8,146.0,0.087
pretoria_n4_lekubu,car,4,137.2,142.4,0.05
pretoria_n4_lekubu,car,5,136.6,136.5,0.006
pretoria_n4_lekubu,car,6,136.5,136.5,0.0
pretoria_n4_lekubu,car,7,136.5,136.5,0.0
pretoria_n4_lekubu,car,8,136.5,136.5,0.0
pretoria_n4_lekubu,car,9,136.6,136.5,0.009
pretoria_n4_lekubu,car,10,137.2,141.8,0.046
pretoria_n4_lekubu,car,11,137.9,147.2,0.093
pretoria_n4_lekubu,car,12,138.5,149.4,0.134
johannesburg_n3_durban,car,1,443.2,464.5,0.153
johannesburg_n3_durban,car,2,442.3,461.4,0.132
johannesburg_n3_durban,car,3,441.0,456.0,0.1
johannesburg_n3_durban,car,4,439.4,454.4,0.061
johannesburg_n3_durban,car,5,437.5,438.9,0.013
johannesburg_n3_durban,car,6,437.1,436.9,0.005
johannesburg_n3_durban,car,7,437.1,436.9,0.003
johannesburg_n3_durban,car,8,437.3,438.9,0.009
johannesburg_n3_durban,car,9,438.2,445.3,0.031
johannesburg_n3_durban,car,10,439.6,453.2,0.065
johannesburg_n3_durban,car,11,441.4,460.9,0.11
johannesburg_n3_durban,car,12,442.9,464.8,0.147
johannesburg_n12_de_rust,car,1,195.0,206.0,0.141
johannesburg_n12_de_rust,car,2,194.4,203.2,0.102
johannesburg_n12_de_rust,car,3,194.2,202.5,0.089
johannesburg_n12_de_rust,car,4,193.7,202.3,0.059
johannesburg_n12_de_rust,car,5,193.0,192.8,0.01
johannesburg_n12_de_rust,car,6,192.8,192.8,0.001
johannesburg_n12_de_rust,car,7,192.8,192.8,0.001
johannesburg_n12_de_rust,car,8,192.8,192.8,0.001
johannesburg_n12_de_rust,car,9,193.0,192.8,0.015
johannesburg_n12_de_rust,car,10,193.6,198.9,0.051
johannesburg_n12_de_rust,car,11,194.1,202.5,0.083
johannesburg_n12_de_rust,car,12,194.8,204.4,0.126
johannesburg_r59_dealesville,car,1,157.1,168.1,0.139
johannesburg_r59_dealesville,car,2,156.6,164.5,0.106
johannesburg_r59_dealesville,car,3,156.4,164.9,0.093
johannesburg_r59_dealesville,car,4,155.9,163.1,0.056
johannesburg_r59_dealesville,car,5,155.2,155.0,0.01
johannesburg_r59_dealesville,car,6,155.0,155.0,0.001
johannesburg_r59_dealesville,car,7,155.0,155.0,0.001
johannesburg_r59_dealesville,car,8,155.0,155.0,0.001
johannesburg_r59_dealesville,car,9,155.2,155.0,0.014
johannesburg_r59_dealesville,car,10,155.9,161.7,0.055
johannesburg_r59_dealesville,car,11,156.6,166.7,0.101
johannesburg_r59_dealesville,car,12,157.0,167.6,0.132
johannesburg_n17_msauli,car,1,148.5,161.2,0.181
johannesburg_n17_msauli,car,2,147.6,159.1,0.128
johannesburg_n17_msauli,car,3,147.1,155.9,0.097
johannesburg_n17_msauli,car,4,146.5,153.2,0.054
johannesburg_n17_msauli,car,5,145.8,145.6,0.009
johannesburg_n17_msauli,car,6,145.7,145.6,0.001
johannesburg_n17_msauli,car,7,145.6,145.6,0.0
johannesburg_n17_msauli,car,8,145.6,145.6,0.001
johannesburg_n17_msauli,car,9,146.0,145.6,0.02
johannesburg_n17_msauli,car,10,146.9,155.9,0.081
johannesburg_n17_msauli,car,11,147.7,159.9,0.132
johannesburg_n17_msauli,car,12,148.0,159.8,0.153
johannesburg_r25_groblersdal,car,1,197.8,210.4,0.176
johannesburg_r25_groblersdal,car,2,196.9,206.6,0.117
johannesburg_r25_groblersdal,car,3,196.4,205.5,0.085
johannesburg_r25_groblersdal,car,4,195.9,203.2,0.052
johannesburg_r25_groblersdal,car,5,195.2,195.1,0.008
johannesburg_r25_groblersdal,car,6,195.1,195.1,0.0
johannesburg_r25_groblersdal,car,7,195.1,195.1,0.0
johannesburg_r25_groblersdal,car,8,195.1,195.1,0.0
johannesburg_r25_groblersdal,car,9,195.3,195.1,0.015
johannesburg_r25_groblersdal,car,10,196.0,203.3,0.061
johannesburg_r25_groblersdal,car,11,196.8,208.0,0.111
johannesburg_r25_groblersdal,car,12,197.4,208.7,0.149
johannesburg_n12_emalahleni,car,1,102.3,110.2,0.185
johannesburg_n12_emalahleni,car,2,101.7,108.7,0.117
johannesburg_n12_emalahleni,car,3,101.4,108.1,0.095
johannesburg_n12_emalahleni,car,4,101.0,104.7,0.054
johannesburg_n12_emalahleni,car,5,100.6,100.5,0.01
johannesburg_n12_emalahleni,car,6,100.5,100.5,0.0
johannesburg_n12_emalahleni,car,7,100.5,100.5,0.0
johannesburg_n12_emalahleni,car,8,100.5,100.5,0.0
johannesburg_n12_emalahleni,car,9,100.7,100.5,0.023
johannesburg_n12_emalahleni,car,10,101.2,107.8,0.074
johannesburg_n12_emalahleni,car,11,101.7,110.2,0.126
johannesburg_n12_emalahleni,car,12,101.9,110.2,0.14
johannesburg_r29_evander,car,1,155.1,164.6,0.179
johannesburg_r29_evander,car,2,154.4,163.1,0.118
johannesburg_r29_evander,car,3,154.2,162.1,0.097
johannesburg_r29_evander,car,4,153.7,158.1,0.052
johannesburg_r29_evander,car,5,153.2,153.1,0.009
johannesburg_r29_evander,car,6,153.1,153.1,0.001
johannesburg_r29_evander,car,7,153.1,153.1,0.0
johannesburg_r29_evander,car,8,153.1,153.1,0.0
johannesburg_r29_evander,car,9,153.3,153.1,0.02
johannesburg_r29_evander,car,10,153.9,162.1,0.076
johannesburg_r29_evander,car,11,154.6,164.6,0.131
johannesburg_r29_evander,car,12,154.7,164.6,0.145
johannesburg_r24_rustenburg,car,1,184.0,193.3,0.181
johannesburg_r24_rustenburg,car,2,183.3,192.0,0.121
johannesburg_r24_rustenburg,car,3,183.1,191.1,0.097
johannesburg_r24_rustenburg,car,4,182.6,188.9,0.058
johannesburg_r24_rustenburg,car,5,182.0,182.0,0.008
johannesburg_r24_rustenburg,car,6,182.0,182.0,0.001
johannesburg_r24_rustenburg,car,7,182.0,182.0,0.0
johannesburg_r24_rustenburg,car,8,182.0,182.0,0.0
johannesburg_r24_rustenburg,car,9,182.1,182.0,0.014
johannesburg_r24_rustenburg,car,10,182.7,189.3,0.069
johannesburg_r24_rustenburg,car,11,183.2,192.6,0.105
johannesburg_r24_rustenburg,car,12,183.6,193.3,0.143
gaborone_a1_ramokgwebana,car,1,364.3,388.6,0.131
gaborone_a1_ramokgwebana,car,2,363.6,386.2,0.114
gaborone_a1_ramokgwebana,car,3,361.6,377.1,0.059
gaborone_a1_ramokgwebana,car,4,360.5,367.2,0.03
gaborone_a1_ramokgwebana,car,5,359.3,359.3,0.0
gaborone_a1_ramokgwebana,car,6,359.3,359.3,0.0
gaborone_a1_ramokgwebana,car,7,359.3,359.3,0.0
gaborone_a1_ramokgwebana,car,8,359.3,359.3,0.0
gaborone_a1_ramokgwebana,car,9,359.3,359.3,0.0
gaborone_a1_ramokgwebana,car,10,359.7,359.9,0.011
gaborone_a1_ramokgwebana,car,11,361.5,375.2,0.057
gaborone_a1_ramokgwebana,car,12,363.3,382.0,0.104
gaborone_a12_326_km,car,1,173.4,187.4,0.127
gaborone_a12_326_km,car,2,172.9,183.5,0.096
gaborone_a12_326_km,car,3,172.4,181.2,0.066
gaborone_a12_326_km,car,4,172.1,176.3,0.042
gaborone_a12_326_km,car,5,171.4,171.4,0.0
gaborone_a12_326_km,car,6,171.4,171.4,0.0
gaborone_a12_326_km,car,7,171.4,171.4,0.0
gaborone_a12_326_km,car,8,171.4,171.4,0.0
gaborone_a12_326_km,car,9,171.4,171.4,0.0
gaborone_a12_326_km,car,10,171.5,171.4,0.011
gaborone_a12_326_km,car,11,172.1,178.0,0.045
gaborone_a12_326_km,car,12,172.3,180.0,0.06
gaborone_a1_121_km,car,1,105.9,114.6,0.121
gaborone_a1_121_km,car,2,105.6,112.8,0.094
gaborone_a1_121_km,car,3,105.4,111.2,0.076
gaborone_a1_121_km,car,4,105.2,109.6,0.051
gaborone_a1_121_km,car,5,104.7,104.7,0.002
gaborone_a1_121_km,car,6,104.7,104.7,0.0
gaborone_a1_121_km,car,7,104.7,104.7,0.0
gaborone_a1_121_km,car,8,104.7,104.7,0.0
gaborone_a1_121_km,car,9,104.7,104.7,0.002
gaborone_a1_121_km,car,10,104.8,104.7,0.017
gaborone_a1_121_km,car,11,105.3,110.6,0.06
gaborone_a1_121_km,car,12,105.4,110.6,0.068
harare_a4_beitbridge,car,1,405.6,433.8,0.191
harare_a4_beitbridge,car,2,403.6,430.4,0.145
harare_a4_beitbridge,car,3,399.9,415.9,0.06
harare_a4_beitbridge,car,4,398.4,406.0,0.024
harare_a4_beitbridge,car,5,397.3,397.3,0.0
harare_a4_beitbridge,car,6,397.3,397.3,0.0
harare_a4_beitbridge,car,7,397.3,397.3,0.0
harare_a4_beitbridge,car,8,397.3,397.3,0.0
harare_a4_beitbridge,car,9,397.3,397.3,0.001
harare_a4_beitbridge,car,10,398.1,401.6,0.017
harare_a4_beitbridge,car,11,401.4,420.6,0.095
harare_a4_beitbridge,car,12,405.4,434.9,0.186
harare_a1_chirundu,car,1,262.9,282.0,0.302
harare_a1_chirundu,car,2,260.5,278.4,0.211
harare_a1_chirundu,car,3,257.7,272.8,0.108
harare_a1_chirundu,car,4,255.7,263.5,0.037
harare_a1_chirundu,car,5,254.8,254.7,0.002
harare_a1_chirundu,car,6,254.7,254.7,0.0
harare_a1_chirundu,car,7,254.7,254.7,0.0
harare_a1_chirundu,car,8,254.7,254.7,0.0
harare_a1_chirundu,car,9,254.7,254.7,0.0
harare_a1_chirundu,car,10,255.0,254.7,0.011
harare_a1_chirundu,car,11,256.7,268.9,0.074
harare_a1_chirundu,car,12,260.4,281.2,0.208
harare_r2_plumtree,car,1,144.5,155.5,0.274
harare_r2_plumtree,car,2,143.3,155.5,0.202
harare_r2_plumtree,car,3,141.9,152.8,0.106
harare_r2_plumtree,car,4,140.8,143.6,0.034
harare_r2_plumtree,car,5,140.3,140.3,0.001
harare_r2_plumtree,car,6,140.3,140.3,0.0
harare_r2_plumtree,car,7,140.3,140.3,0.0
harare_r2_plumtree,car,8,140.3,140.3,0.0
harare_r2_plumtree,car,9,140.3,140.3,0.001
harare_r2_plumtree,car,10,140.5,140.3,0.018
harare_r2_plumtree,car,11,141.9,151.2,0.108
harare_r2_plumtree,car,12,143.9,155.5,0.238
harare_r5_mutare,car,1,147.3,158.1,0.299
harare_r5_mutare,car,2,145.7,158.1,0.195
harare_r5_mutare,car,3,144.2,154.9,0.099
harare_r5_mutare,car,4,143.3,147.7,0.044
harare_r5_mutare,car,5,142.6,142.6,0.0
harare_r5_mutare,car,6,142.6,142.6,0.0
harare_r5_mutare,car,7,142.6,142.6,0.0
harare_r5_mutare,car,8,142.6,142.6,0.0
harare_r5_mutare,car,9,142.7,142.6,0.001
harare_r5_mutare,car,10,143.0,144.9,0.024
harare_r5_mutare,car,11,144.6,155.7,0.126
harare_r5_mutare,car,12,146.4,158.1,0.244
harare_p1_mucumbura,car,1,145.3,155.7,0.328
harare_p1_mucumbura,car,2,143.7,155.7,0.223
harare_p1_mucumbura,car,3,141.9,152.4,0.107
harare_p1_mucumbura,car,4,140.8,143.8,0.035
harare_p1_mucumbura,car,5,140.3,140.3,0.002
harare_p1_mucumbura,car,6,140.3,140.3,0.0
harare_p1_mucumbura,car,7,140.3,140.3,0.0
harare_p1_mucumbura,car,8,140.3,140.3,0.0
harare_p1_mucumbura,car,9,140.3,140.3,0.0
harare_p1_mucumbura,car,10,140.4,140.3,0.009
harare_p1_mucumbura,car,11,141.5,149.7,0.081
harare_p1_mucumbura,car,12,143.9,155.7,0.234
harare_r4_nyamapanda,car,1,149.1,159.5,0.335
harare_r4_nyamapanda,car,2,147.1,159.5,0.209
harare_r4_nyamapanda,car,3,145.4,155.2,0.099
harare_r4_nyamapanda,car,4,144.4,146.8,0.035
harare_r4_nyamapanda,car,5,143.9,143.9,0.003
harare_r4_nyamapanda,car,6,143.9,143.9,0.0
harare_r4_nyamapanda,car,7,143.9,143.9,0.0
harare_r4_nyamapanda,car,8,143.9,143.9,0.0
harare_r4_nyamapanda,car,9,143.9,143.9,0.0
harare_r4_nyamapanda,car,10,144.1,143.9,0.014
harare_r4_nyamapanda,car,11,145.2,153.4,0.084
harare_r4_nyamapanda,car,12,147.6,159.5,0.238
lusaka_t2_chirundu,car,1,129.4,137.5,0.332
lusaka_t2_chirundu,car,2,128.1,137.5,0.226
lusaka_t2_chirundu,car,3,126.6,134.9,0.097
lusaka_t2_chirundu,car,4,125.8,127.6,0.033
lusaka_t2_chirundu,car,5,125.4,125.4,0.001
lusaka_t2_chirundu,car,6,125.4,125.4,0.0
lusaka_t2_chirundu,car,7,125.4,125.4,0.0
lusaka_t2_chirundu,car,8,125.4,125.4,0.0
lusaka_t2_chirundu,car,9,125.4,125.4,0.0
lusaka_t2_chirundu,car,10,125.4,125.4,0.005
lusaka_t2_chirundu,car,11,126.1,131.9,0.062
lusaka_t2_chirundu,car,12,128.1,137.5,0.225
lusaka_t2_nakonde,car,1,766.2,805.2,0.364
lusaka_t2_nakonde,car,2,764.0,805.0,0.337
lusaka_t2_nakonde,car,3,753.9,794.3,0.21
lusaka_t2_nakonde,car,4,741.4,762.0,0.052
lusaka_t2_nakonde,car,5,737.3,737.2,0.001
lusaka_t2_nakonde,car,6,737.2,737.2,0.0
lusaka_t2_nakonde,car,7,737.2,737.2,0.0
lusaka_t2_nakonde,car,8,737.2,737.2,0.0
lusaka_t2_nakonde,car,9,737.2,737.2,0.0
lusaka_t2_nakonde,car,10,737.6,737.2,0.005
lusaka_t2_nakonde,car,11,746.0,779.1,0.11
lusaka_t2_nakonde,car,12,760.0,802.3,0.287
lusaka_t1_livingstone,car,1,373.0,399.6,0.286
lusaka_t1_livingstone,car,2,369.9,396.7,0.207
lusaka_t1_livingstone,car,3,365.5,386.4,0.091
lusaka_t1_livingstone,car,4,362.9,367.5,0.021
lusaka_t1_livingstone,car,5,362.2,362.1,0.001
lusaka_t1_livingstone,car,6,362.1,362.1,0.0
lusaka_t1_livingstone,car,7,362.1,362.1,0.0
lusaka_t1_livingstone,car,8,362.1,362.1,0.0
lusaka_t1_livingstone,car,9,362.1,362.1,0.0
lusaka_t1_livingstone,car,10,362.3,362.1,0.005
lusaka_t1_livingstone,car,11,364.8,380.8,0.072
lusaka_t1_livingstone,car,12,369.5,393.6,0.195
lusaka_m9_mongu,car,1,156.6,167.4,0.32
lusaka_m9_mongu,car,2,155.6,167.4,0.254
lusaka_m9_mongu,car,3,153.3,164.6,0.108
lusaka_m9_mongu,car,4,152.0,156.2,0.03
lusaka_m9_mongu,car,5,151.6,151.6,0.0
lusaka_m9_mongu,car,6,151.6,151.6,0.0
lusaka_m9_mongu,car,7,151.6,151.6,0.0
lusaka_m9_mongu,car,8,151.6,151.6,0.0
lusaka_m9_mongu,car,9,151.6,151.6,0.0
lusaka_m9_mongu,car,10,151.7,151.6,0.006
lusaka_m9_mongu,car,11,153.0,163.8,0.091
lusaka_m9_mongu,car,12,155.3,167.4,0.235
lusaka_t4_234_km,car,1,165.7,176.4,0.351
lusaka_t4_234_km,car,2,164.1,176.4,0.253
lusaka_t4_234_km,car,3,161.8,174.1,0.113
lusaka_t4_234_km,car,4,160.4,163.3,0.031
lusaka_t4_234_km,car,5,160.0,159.9,0.002
lusaka_t4_234_km,car,6,159.9,159.9,0.0
lusaka_t4_234_km,car,7,159.9,159.9,0.0
lusaka_t4_234_km,car,8,159.9,159.9,0.0
lusaka_t4_234_km,car,9,159.9,159.9,0.0
lusaka_t4_234_km,car,10,160.0,159.9,0.004
lusaka_t4_234_km,car,11,161.3,171.0,0.082
lusaka_t4_234_km,car,12,164.0,176.4,0.252
maputo_en4_ressano_garcia,car,1,97.0,104.4,0.128
maputo_en4_ressano_garcia,car,2,97.0,104.4,0.124
maputo_en4_ressano_garcia,car,3,96.6,103.7,0.082
maputo_en4_ressano_garcia,car,4,96.3,99.2,0.045
maputo_en4_ressano_garcia,car,5,96.0,95.9,0.014
maputo_en4_ressano_garcia,car,6,96.0,95.9,0.007
maputo_en4_ressano_garcia,car,7,95.9,95.9,0.001
maputo_en4_ressano_garcia,car,8,95.9,95.9,0.001
maputo_en4_ressano_garcia,car,9,96.1,95.9,0.026
maputo_en4_ressano_garcia,car,10,96.3,100.1,0.047
maputo_en4_ressano_garcia,car,11,96.6,103.5,0.083
maputo_en4_ressano_garcia,car,12,97.0,104.4,0.127
maputo_n1_pemba,car,1,203.1,219.6,0.13
maputo_n1_pemba,car,2,203.3,220.3,0.138
maputo_n1_pemba,car,3,202.2,215.0,0.085
maputo_n1_pemba,car,4,201.7,211.7,0.061
maputo_n1_pemba,car,5,201.1,204.3,0.03
maputo_n1_pemba,car,6,200.8,200.5,0.014
maputo_n1_pemba,car,7,200.6,200.5,0.007
maputo_n1_pemba,car,8,200.5,200.5,0.002
maputo_n1_pemba,car,9,201.1,203.0,0.028
maputo_n1_pemba,car,10,201.4,206.8,0.043
maputo_n1_pemba,car,11,202.1,213.2,0.08
maputo_n1_pemba,car,12,203.0,217.4,0.126
windhoek_b2_walvis_bay,car,1,272.0,280.6,0.048
windhoek_b2_walvis_bay,car,2,271.8,280.4,0.042
windhoek_b2_walvis_bay,car,3,271.7,278.7,0.037
windhoek_b2_walvis_bay,car,4,270.9,272.5,0.012
windhoek_b2_walvis_bay,car,5,270.6,270.6,0.0
windhoek_b2_walvis_bay,car,6,270.6,270.6,0.0
windhoek_b2_walvis_bay,car,7,270.6,270.6,0.0
windhoek_b2_walvis_bay,car,8,270.6,270.6,0.0
windhoek_b2_walvis_bay,car,9,270.6,270.6,0.0
windhoek_b2_walvis_bay,car,10,270.6,270.6,0.0
windhoek_b2_walvis_bay,car,11,270.7,270.6,0.004
windhoek_b2_walvis_bay,car,12,271.0,272.7,0.013
windhoek_b6_buitepos,car,1,228.3,242.8,0.09
windhoek_b6_buitepos,car,2,228.2,240.2,0.083
windhoek_b6_buitepos,car,3,227.8,238.2,0.069
windhoek_b6_buitepos,car,4,227.2,234.4,0.042
windhoek_b6_buitepos,car,5,226.2,226.2,0.0
windhoek_b6_buitepos,car,6,226.2,226.2,0.0
windhoek_b6_buitepos,car,7,226.2,226.2,0.0
windhoek_b6_buitepos,car,8,226.2,226.2,0.0
windhoek_b6_buitepos,car,9,226.2,226.2,0.0
windhoek_b6_buitepos,car,10,226.2,226.2,0.002
windhoek_b6_buitepos,car,11,226.4,226.2,0.008
windhoek_b6_buitepos,car,12,227.4,236.4,0.051
windhoek_b1_797_km,car,1,161.9,167.6,0.055
windhoek_b1_797_km,car,2,161.9,167.6,0.057
windhoek_b1_797_km,car,3,161.8,167.6,0.047
windhoek_b1_797_km,car,4,161.3,163.2,0.02
windhoek_b1_797_km,car,5,161.0,161.0,0.0
windhoek_b1_797_km,car,6,161.0,161.0,0.0
windhoek_b1_797_km,car,7,161.0,161.0,0.0
windhoek_b1_797_km,car,8,161.0,161.0,0.0
windhoek_b1_797_km,car,9,161.0,161.0,0.0
windhoek_b1_797_km,car,10,161.0,161.0,0.001
windhoek_b1_797_km,car,11,161.1,161.0,0.006
windhoek_b1_797_km,car,12,161.2,161.0,0.01
windhoek_c28_swakopmund,car,1,149.2,155.9,0.058
windhoek_c28_swakopmund,car,2,149.3,155.8,0.062
windhoek_c28_swakopmund,car,3,149.1,155.1,0.051
windhoek_c28_swakopmund,car,4,148.5,148.3,0.015
windhoek_c28_swakopmund,car,5,148.3,148.3,0.0
windhoek_c28_swakopmund,car,6,148.3,148.3,0.0
windhoek_c28_swakopmund,car,7,148.3,148.3,0.0
windhoek_c28_swakopmund,car,8,148.3,148.3,0.0
windhoek_c28_swakopmund,car,9,148.3,148.3,0.0
windhoek_c28_swakopmund,car,10,148.3,148.3,0.0
windhoek_c28_swakopmund,car,11,148.4,148.3,0.005
windhoek_c28_swakopmund,car,12,148.6,149.2,0.017
windhoek_c26_194_km,car,1,169.4,174.7,0.057
windhoek_c26_194_km,car,2,169.6,176.8,0.069
windhoek_c26_194_km,car,3,169.4,175.4,0.056
windhoek_c26_194_km,car,4,168.8,170.1,0.018
windhoek_c26_194_km,car,5,168.5,168.5,0.0
windhoek_c26_194_km,car,6,168.5,168.5,0.0
windhoek_c26_194_km,car,7,168.5,168.5,0.0
windhoek_c26_194_km,car,8,168.5,168.5,0.0
windhoek_c26_194_km,car,9,168.5,168.5,0.0
windhoek_c26_194_km,car,10,168.5,168.5,0.0
windhoek_c26_194_km,car,11,168.6,168.5,0.005
windhoek_c26_194_km,car,12,168.7,168.5,0.014
kampala_a1_malaba,truck,1,306.1,317.1,0.059
kampala_a1_malaba,truck,2,306.4,320.5,0.072
kampala_a1_malaba,truck,3,308.8,328.4,0.16
kampala_a1_malaba,truck,4,312.6,331.4,0.304
kampala_a1_malaba,truck,5,310.5,328.4,0.227
kampala_a1_malaba,truck,6,307.6,323.1,0.115
kampala_a1_malaba,truck,7,306.5,317.6,0.076
kampala_a1_malaba,truck,8,307.6,324.2,0.117
kampala_a1_malaba,truck,9,308.1,324.2,0.135
kampala_a1_malaba,truck,10,309.7,328.4,0.195
kampala_a1_malaba,truck,11,310.6,331.4,0.229
kampala_a1_malaba,truck,12,307.6,324.2,0.117
kampala_a6_elegu,truck,1,482.1,484.5,0.012
kampala_a6_elegu,truck,2,482.5,487.0,0.021
kampala_a6_elegu,truck,3,485.6,508.0,0.083
kampala_a6_elegu,truck,4,490.4,520.0,0.183
kampala_a6_elegu,truck,5,489.3,515.1,0.161
kampala_a6_elegu,truck,6,487.7,509.1,0.129
kampala_a6_elegu,truck,7,487.0,508.0,0.116
kampala_a6_elegu,truck,8,489.9,514.9,0.176
kampala_a6_elegu,truck,9,488.6,513.9,0.147
kampala_a6_elegu,truck,10,489.7,519.8,0.17
kampala_a6_elegu,truck,11,487.6,513.5,0.124
kampala_a6_elegu,truck,12,484.4,501.5,0.06
kampala_a2_katuna,truck,1,529.4,542.8,0.037
kampala_a2_katuna,truck,2,529.5,542.9,0.04
kampala_a2_katuna,truck,3,534.2,557.1,0.127
kampala_a2_katuna,truck,4,538.3,568.9,0.207
kampala_a2_katuna,truck,5,534.4,558.9,0.129
kampala_a2_katuna,truck,6,529.7,540.8,0.042
kampala_a2_katuna,truck,7,528.4,535.1,0.018
kampala_a2_katuna,truck,8,530.6,549.1,0.061
kampala_a2_katuna,truck,9,532.3,553.7,0.093
kampala_a2_katuna,truck,10,533.9,557.8,0.124
kampala_a2_katuna,truck,11,534.9,558.8,0.142
kampala_a2_katuna,truck,12,533.4,557.1,0.115
kampala_a9_hoima,truck,1,228.3,231.2,0.021
kampala_a9_hoima,truck,2,228.4,231.9,0.028
kampala_a9_hoima,truck,3,230.6,246.4,0.116
kampala_a9_hoima,truck,4,232.5,250.8,0.197
kampala_a9_hoima,truck,5,231.1,245.6,0.141
kampala_a9_hoima,truck,6,229.3,239.1,0.064
kampala_a9_hoima,truck,7,229.1,238.8,0.06
kampala_a9_hoima,truck,8,230.2,242.0,0.104
kampala_a9_hoima,truck,9,230.4,244.4,0.115
kampala_a9_hoima,truck,10,231.2,247.8,0.145
kampala_a9_hoima,truck,11,231.1,247.0,0.142
kampala_a9_hoima,truck,12,229.5,240.8,0.073
kampala_a5_bwera,truck,1,496.0,502.6,0.021
kampala_a5_bwera,truck,2,496.2,504.9,0.026
kampala_a5_bwera,truck,3,500.7,526.1,0.111
kampala_a5_bwera,truck,4,504.7,538.2,0.185
kampala_a5_bwera,truck,5,500.1,522.4,0.098
kampala_a5_bwera,truck,6,497.6,511.5,0.052
kampala_a5_bwera,truck,7,496.2,505.8,0.027
kampala_a5_bwera,truck,8,499.8,524.1,0.094
kampala_a5_bwera,truck,9,500.7,524.8,0.112
kampala_a5_bwera,truck,10,503.8,531.1,0.171
kampala_a5_bwera,truck,11,501.9,526.4,0.133
kampala_a5_bwera,truck,12,499.3,521.1,0.084
nairobi_a8_mombasa,truck,1,503.2,512.9,0.029
nairobi_a8_mombasa,truck,2,502.9,510.6,0.024
nairobi_a8_mombasa,truck,3,507.5,534.4,0.115
nairobi_a8_mombasa,truck,4,509.2,534.2,0.148
nairobi_a8_mombasa,truck,5,504.2,514.8,0.047
nairobi_a8_mombasa,truck,6,502.5,508.3,0.014
nairobi_a8_mombasa,truck,7,502.3,505.2,0.01
nairobi_a8_mombasa,truck,8,502.4,507.3,0.012
nairobi_a8_mombasa,truck,9,502.1,503.7,0.008
nairobi_a8_mombasa,truck,10,503.8,515.2,0.041
nairobi_a8_mombasa,truck,11,509.0,534.3,0.145
nairobi_a8_mombasa,truck,12,507.7,534.6,0.119
nairobi_a8_malaba,truck,1,577.2,592.1,0.041
nairobi_a8_malaba,truck,2,578.4,596.9,0.062
nairobi_a8_malaba,truck,3,582.4,613.8,0.137
nairobi_a8_malaba,truck,4,590.3,622.0,0.285
nairobi_a8_malaba,truck,5,586.5,615.3,0.214
nairobi_a8_malaba,truck,6,582.0,603.2,0.131
nairobi_a8_malaba,truck,7,583.4,605.9,0.158
nairobi_a8_malaba,truck,8,584.0,608.2,0.168
nairobi_a8_malaba,truck,9,581.9,602.0,0.129
nairobi_a8_malaba,truck,10,582.5,607.6,0.14
nairobi_a8_malaba,truck,11,582.6,608.9,0.141
nairobi_a8_malaba,truck,12,579.6,603.6,0.084
nairobi_a2_moyale,truck,1,246.3,254.2,0.042
nairobi_a2_moyale,truck,2,246.3,254.0,0.046
nairobi_a2_moyale,truck,3,247.9,266.1,0.11
nairobi_a2_moyale,truck,4,252.0,269.4,0.279
nairobi_a2_moyale,truck,5,248.0,264.7,0.115
nairobi_a2_moyale,truck,6,245.9,248.6,0.025
nairobi_a2_moyale,truck,7,245.6,248.6,0.016
nairobi_a2_moyale,truck,8,245.9,250.0,0.026
nairobi_a2_moyale,truck,9,245.7,248.6,0.02
nairobi_a2_moyale,truck,10,247.4,260.0,0.087
nairobi_a2_moyale,truck,11,249.4,267.7,0.174
nairobi_a2_moyale,truck,12,247.3,260.7,0.085
nairobi_a2_namanga,truck,1,201.3,210.1,0.054
nairobi_a2_namanga,truck,2,201.3,210.0,0.054
nairobi_a2_namanga,truck,3,202.6,217.6,0.129
nairobi_a2_namanga,truck,4,203.8,217.6,0.195
nairobi_a2_namanga,truck,5,201.3,207.4,0.054
nairobi_a2_namanga,truck,6,200.5,200.4,0.006
nairobi_a2_namanga,truck,7,200.4,200.4,0.001
nairobi_a2_namanga,truck,8,200.4,200.4,0.002
nairobi_a2_namanga,truck,9,200.4,200.4,0.003
nairobi_a2_namanga,truck,10,200.9,204.0,0.031
nairobi_a2_namanga,truck,11,202.3,213.7,0.11
nairobi_a2_namanga,truck,12,202.2,216.7,0.103
kigali_nr3_gatuna,truck,1,90.1,95.9,0.058
kigali_nr3_gatuna,truck,2,90.4,98.2,0.089
kigali_nr3_gatuna,truck,3,91.0,99.3,0.156
kigali_nr3_gatuna,truck,4,91.7,99.3,0.228
kigali_nr3_gatuna,truck,5,90.6,99.3,0.118
kigali_nr3_gatuna,truck,6,89.7,89.5,0.017
kigali_nr3_gatuna,truck,7,89.5,89.5,0.0
kigali_nr3_gatuna,truck,8,89.9,90.6,0.037
kigali_nr3_gatuna,truck,9,90.3,95.9,0.082
kigali_nr3_gatuna,truck,10,91.0,99.3,0.149
kigali_nr3_gatuna,truck,11,91.1,99.3,0.161
kigali_nr3_gatuna,truck,12,90.5,99.3,0.104
kigali_road_rusumo,truck,1,208.7,217.9,0.06
kigali_road_rusumo,truck,2,209.1,224.4,0.079
kigali_road_rusumo,truck,3,210.6,228.9,0.147
kigali_road_rusumo,truck,4,212.1,228.9,0.219
kigali_road_rusumo,truck,5,209.6,222.9,0.101
kigali_road_rusumo,truck,6,207.5,207.4,0.005
kigali_road_rusumo,truck,7,207.4,207.4,0.0
kigali_road_rusumo,truck,8,207.6,207.4,0.01
kigali_road_rusumo,truck,9,208.4,216.3,0.046
kigali_road_rusumo,truck,10,210.0,223.5,0.119
kigali_road_rusumo,truck,11,210.8,227.0,0.156
kigali_road_rusumo,truck,12,209.9,226.1,0.117
kigali_nr1_huye,truck,1,214.9,229.5,0.093
kigali_nr1_huye,truck,2,215.0,231.3,0.096
kigali_nr1_huye,truck,3,216.2,233.9,0.15
kigali_nr1_huye,truck,4,218.1,234.3,0.236
kigali_nr1_huye,truck,5,215.6,230.0,0.127
kigali_nr1_huye,truck,6,213.1,212.8,0.011
kigali_nr1_huye,truck,7,212.8,212.8,0.001
kigali_nr1_huye,truck,8,213.4,217.2,0.027
kigali_nr1_huye,truck,9,214.6,227.4,0.082
kigali_nr1_huye,truck,10,215.9,232.3,0.141
kigali_nr1_huye,truck,11,216.8,232.6,0.181
kigali_nr1_huye,truck,12,215.6,232.6,0.125
kigali_nr2_gisenyi,truck,1,213.0,223.0,0.071
kigali_nr2_gisenyi,truck,2,213.7,228.4,0.101
kigali_nr2_gisenyi,truck,3,215.1,233.8,0.162
kigali_nr2_gisenyi,truck,4,216.3,233.8,0.218
kigali_nr2_gisenyi,truck,5,214.7,231.7,0.144
kigali_nr2_gisenyi,truck,6,212.1,216.8,0.028
kigali_nr2_gisenyi,truck,7,211.6,211.5,0.004
kigali_nr2_gisenyi,truck,8,212.4,217.1,0.041
kigali_nr2_gisenyi,truck,9,213.5,224.8,0.093
kigali_nr2_gisenyi,truck,10,214.7,231.9,0.147
kigali_nr2_gisenyi,truck,11,215.7,231.9,0.191
kigali_nr2_gisenyi,truck,12,214.0,230.2,0.115
dodoma_t3_rusomo,truck,1,217.8,234.2,0.238
dodoma_t3_rusomo,truck,2,216.4,234.2,0.174
dodoma_t3_rusomo,truck,3,216.4,234.2,0.172
dodoma_t3_rusomo,truck,4,214.4,223.8,0.082
dodoma_t3_rusomo,truck,5,212.7,212.7,0.002
dodoma_t3_rusomo,truck,6,212.7,212.7,0.0
dodoma_t3_rusomo,truck,7,212.7,212.7,0.0
dodoma_t3_rusomo,truck,8,212.7,212.7,0.0
dodoma_t3_rusomo,truck,9,212.7,212.7,0.0
dodoma_t3_rusomo,truck,10,212.7,212.7,0.001
dodoma_t3_rusomo,truck,11,213.8,221.5,0.053
dodoma_t3_rusomo,truck,12,217.1,234.2,0.207
dodoma_t5_arusha,truck,1,219.1,237.3,0.217
dodoma_t5_arusha,truck,2,218.7,237.3,0.201
dodoma_t5_arusha,truck,3,218.0,237.3,0.168
dodoma_t5_arusha,truck,4,216.6,231.8,0.105
dodoma_t5_arusha,truck,5,214.4,214.1,0.013
dodoma_t5_arusha,truck,6,214.1,214.1,0.0
dodoma_t5_arusha,truck,7,214.1,214.1,0.0
dodoma_t5_arusha,truck,8,214.1,214.1,0.0
dodoma_t5_arusha,truck,9,214.1,214.1,0.0
dodoma_t5_arusha,truck,10,214.1,214.1,0.001
dodoma_t5_arusha,truck,11,215.3,223.4,0.051
dodoma_t5_arusha,truck,12,218.3,237.3,0.18
dodoma_t5_iringa,truck,1,207.2,224.0,0.228
dodoma_t5_iringa,truck,2,206.0,223.3,0.175
dodoma_t5_iringa,truck,3,205.5,222.2,0.153
dodoma_t5_iringa,truck,4,203.9,214.9,0.077
dodoma_t5_iringa,truck,5,202.3,202.2,0.001
dodoma_t5_iringa,truck,6,202.2,202.2,0.0
dodoma_t5_iringa,truck,7,202.2,202.2,0.0
dodoma_t5_iringa,truck,8,202.2,202.2,0.0
dodoma_t5_iringa,truck,9,202.2,202.2,0.0
dodoma_t5_iringa,truck,10,202.2,202.2,0.0
dodoma_t5_iringa,truck,11,202.8,204.0,0.024
dodoma_t5_iringa,truck,12,205.9,224.0,0.17
dodoma_t3_morogoro,truck,1,211.1,228.1,0.23
dodoma_t3_morogoro,truck,2,209.7,225.8,0.165
dodoma_t3_morogoro,truck,3,209.9,228.1,0.173
dodoma_t3_morogoro,truck,4,208.7,221.7,0.123
dodoma_t3_morogoro,truck,5,206.6,209.9,0.025
dodoma_t3_morogoro,truck,6,206.0,206.0,0.0
dodoma_t3_morogoro,truck,7,206.0,206.0,0.0
dodoma_t3_morogoro,truck,8,206.0,206.0,0.0
dodoma_t3_morogoro,truck,9,206.1,206.0,0.001
dodoma_t3_morogoro,truck,10,206.2,206.0,0.006
dodoma_t3_morogoro,truck,11,207.2,215.0,0.052
dodoma_t3_morogoro,truck,12,210.3,228.1,0.191
dar_es_salaam_t1_tunduma,truck,1,1130.1,1193.1,0.247
dar_es_salaam_t1_tunduma,truck,2,1124.5,1180.9,0.196
dar_es_salaam_t1_tunduma,truck,3,1129.3,1186.6,0.24
dar_es_salaam_t1_tunduma,truck,4,1124.7,1173.8,0.2
dar_es_salaam_t1_tunduma,truck,5,1107.9,1132.3,0.047
dar_es_salaam_t1_tunduma,truck,6,1103.3,1106.0,0.005
dar_es_salaam_t1_tunduma,truck,7,1103.0,1102.8,0.002
dar_es_salaam_t1_tunduma,truck,8,1103.0,1102.8,0.002
dar_es_salaam_t1_tunduma,truck,9,1103.2,1105.1,0.004
dar_es_salaam_t1_tunduma,truck,10,1105.2,1120.4,0.022
dar_es_salaam_t1_tunduma,truck,11,1112.1,1146.8,0.085
dar_es_salaam_t1_tunduma,truck,12,1125.6,1185.9,0.205
dar_es_salaam_road_dodoma,truck,1,557.7,592.2,0.181
dar_es_salaam_road_dodoma,truck,2,554.8,583.7,0.125
dar_es_salaam_road_dodoma,truck,3,557.6,593.3,0.178
dar_es_salaam_road_dodoma,truck,4,559.0,585.7,0.203
dar_es_salaam_road_dodoma,truck,5,551.8,570.2,0.066
dar_es_salaam_road_dodoma,truck,6,548.7,550.7,0.009
dar_es_salaam_road_dodoma,truck,7,548.5,548.3,0.004
dar_es_salaam_road_dodoma,truck,8,548.5,548.3,0.004
dar_es_salaam_road_dodoma,truck,9,548.7,550.6,0.008
dar_es_salaam_road_dodoma,truck,10,549.9,562.2,0.032
dar_es_salaam_road_dodoma,truck,11,553.2,576.3,0.094
dar_es_salaam_road_dodoma,truck,12,556.7,593.4,0.163
dar_es_salaam_t7_lindi,truck,1,224.5,244.4,0.135
dar_es_salaam_t7_lindi,truck,2,224.0,240.8,0.109
dar_es_salaam_t7_lindi,truck,3,226.2,244.4,0.203
dar_es_salaam_t7_lindi,truck,4,229.1,244.4,0.331
dar_es_salaam_t7_lindi,truck,5,224.6,241.4,0.131
dar_es_salaam_t7_lindi,truck,6,222.0,221.5,0.021
dar_es_salaam_t7_lindi,truck,7,221.6,221.5,0.004
dar_es_salaam_t7_lindi,truck,8,221.6,221.5,0.001
dar_es_salaam_t7_lindi,truck,9,221.7,221.5,0.006
dar_es_salaam_t7_lindi,truck,10,222.5,229.2,0.043
dar_es_salaam_t7_lindi,truck,11,224.6,241.4,0.132
dar_es_salaam_t7_lindi,truck,12,225.2,244.4,0.162
pretoria_n1_beitbridge,truck,1,514.7,542.7,0.129
pretoria_n1_beitbridge,truck,2,513.8,538.6,0.11
pretoria_n1_beitbridge,truck,3,511.5,529.0,0.064
pretoria_n1_beitbridge,truck,4,510.1,521.3,0.036
pretoria_n1_beitbridge,truck,5,508.5,508.3,0.004
pretoria_n1_beitbridge,truck,6,508.4,508.3,0.0
pretoria_n1_beitbridge,truck,7,508.3,508.3,0.0
pretoria_n1_beitbridge,truck,8,508.3,508.3,0.0
pretoria_n1_beitbridge,truck,9,508.7,508.3,0.006
pretoria_n1_beitbridge,truck,10,510.4,520.6,0.042
pretoria_n1_beitbridge,truck,11,512.7,535.1,0.088
pretoria_n1_beitbridge,truck,12,515.0,541.4,0.135
pretoria_n4_lebombo,truck,1,440.1,468.9,0.193
pretoria_n4_lebombo,truck,2,438.1,462.9,0.149
pretoria_n4_lebombo,truck,3,436.3,456.7,0.108
pretoria_n4_lebombo,truck,4,434.1,449.9,0.06
pretoria_n4_lebombo,truck,5,431.9,431.4,0.011
pretoria_n4_lebombo,truck,6,431.6,431.4,0.003
pretoria_n4_lebombo,truck,7,431.5,431.4,0.001
pretoria_n4_lebombo,truck,8,431.5,431.4,0.002
pretoria_n4_lebombo,truck,9,432.6,438.4,0.026
pretoria_n4_lebombo,truck,10,435.0,456.3,0.08
pretoria_n4_lebombo,truck,11,437.7,462.6,0.14
pretoria_n4_lebombo,truck,12,440.0,466.4,0.192
pretoria_n1_cape_town,truck,1,211.2,226.3,0.156
pretoria_n1_cape_town,truck,2,210.2,223.3,0.111
pretoria_n1_cape_town,truck,3,209.9,222.0,0.097
pretoria_n1_cape_town,truck,4,209.1,217.9,0.06
pretoria_n1_cape_town,truck,5,208.0,207.7,0.01
pretoria_n1_cape_town,truck,6,207.8,207.7,0.001
pretoria_n1_cape_town,truck,7,207.8,207.7,0.0
pretoria_n1_cape_town,truck,8,207.8,207.7,0.001
pretoria_n1_cape_town,truck,9,208.1,207.7,0.016
pretoria_n1_cape_town,truck,10,209.2,219.7,0.064
pretoria_n1_cape_town,truck,11,210.2,225.8,0.11
pretoria_n1_cape_town,truck,12,210.8,225.8,0.14
pretoria_n14_springbok,truck,1,210.8,226.4,0.158
pretoria_n14_springbok,truck,2,209.8,222.0,0.114
pretoria_n14_springbok,truck,3,209.4,221.3,0.092
pretoria_n14_springbok,truck,4,208.7,218.6,0.062
pretoria_n14_springbok,truck,5,207.5,207.4,0.009
pretoria_n14_springbok,truck,6,207.4,207.4,0.0
pretoria_n14_springbok,truck,7,207.4,207.4,0.001
pretoria_n14_springbok,truck,8,207.4,207.4,0.001
pretoria_n14_springbok,truck,9,207.6,207.4,0.011
pretoria_n14_springbok,truck,10,208.7,219.5,0.062
pretoria_n14_springbok,truck,11,209.5,222.6,0.099
pretoria_n14_springbok,truck,12,210.4,224.8,0.139
pretoria_n4_lekubu,truck,1,200.9,216.9,0.153
pretoria_n4_lekubu,truck,2,200.2,216.0,0.125
pretoria_n4_lekubu,truck,3,199.5,210.9,0.087
pretoria_n4_lekubu,truck,4,198.7,206.2,0.05
pretoria_n4_lekubu,truck,5,197.8,197.6,0.006
pretoria_n4_lekubu,truck,6,197.6,197.6,0.0
pretoria_n4_lekubu,truck,7,197.6,197.6,0.0
pretoria_n4_lekubu,truck,8,197.6,197.6,0.0
pretoria_n4_lekubu,truck,9,197.8,197.6,0.009
pretoria_n4_lekubu,truck,10,198.6,205.3,0.046
pretoria_n4_lekubu,truck,11,199.6,212.8,0.093
pretoria_n4_lekubu,truck,12,200.4,216.0,0.134
johannesburg_n3_durban,truck,1,656.1,687.7,0.153
johannesburg_n3_durban,truck,2,654.8,683.4,0.132
johannesburg_n3_durban,truck,3,652.9,674.8,0.1
johannesburg_n3_durban,truck,4,650.5,672.4,0.061
johannesburg_n3_durban,truck,5,647.5,649.7,0.013
johannesburg_n3_durban,truck,6,647.0,646.7,0.005
johannesburg_n3_durban,truck,7,646.9,646.7,0.003
johannesburg_n3_durban,truck,8,647.3,649.7,0.009
johannesburg_n3_durban,truck,9,648.6,659.8,0.031
johannesburg_n3_durban,truck,10,650.8,670.5,0.065
johannesburg_n3_durban,truck,11,653.5,682.9,0.11
johannesburg_n3_durban,truck,12,655.8,688.3,0.147
johannesburg_n12_de_rust,truck,1,246.6,261.5,0.141
johannesburg_n12_de_rust,truck,2,245.8,257.7,0.102
johannesburg_n12_de_rust,truck,3,245.5,256.9,0.089
johannesburg_n12_de_rust,truck,4,244.9,256.2,0.059
johannesburg_n12_de_rust,truck,5,243.9,243.7,0.01
johannesburg_n12_de_rust,truck,6,243.7,243.7,0.001
johannesburg_n12_de_rust,truck,7,243.7,243.7,0.001
johannesburg_n12_de_rust,truck,8,243.7,243.7,0.001
johannesburg_n12_de_rust,truck,9,244.0,243.7,0.015
johannesburg_n12_de_rust,truck,10,244.8,252.3,0.051
johannesburg_n12_de_rust,truck,11,245.4,256.9,0.083
johannesburg_n12_de_rust,truck,12,246.3,259.6,0.126
johannesburg_r59_dealesville,truck,1,207.4,222.1,0.139
johannesburg_r59_dealesville,truck,2,206.7,217.4,0.106
johannesburg_r59_dealesville,truck,3,206.5,217.7,0.093
johannesburg_r59_dealesville,truck,4,205.7,215.3,0.056
johannesburg_r59_dealesville,truck,5,204.7,204.5,0.01
johannesburg_r59_dealesville,truck,6,204.6,204.5,0.001
johannesburg_r59_dealesville,truck,7,204.6,204.5,0.001
johannesburg_r59_dealesville,truck,8,204.6,204.5,0.001
johannesburg_r59_dealesville,truck,9,204.8,204.5,0.014
johannesburg_r59_dealesville,truck,10,205.7,213.6,0.055
johannesburg_r59_dealesville,truck,11,206.6,220.1,0.101
johannesburg_r59_dealesville,truck,12,207.3,221.5,0.132
johannesburg_n17_msauli,truck,1,213.4,231.1,0.181
johannesburg_n17_msauli,truck,2,212.3,228.0,0.128
johannesburg_n17_msauli,truck,3,211.6,224.0,0.097
johannesburg_n17_msauli,truck,4,210.7,220.0,0.054
johannesburg_n17_msauli,truck,5,209.7,209.5,0.009
johannesburg_n17_msauli,truck,6,209.6,209.5,0.001
johannesburg_n17_msauli,truck,7,209.5,209.5,0.0
johannesburg_n17_msauli,truck,8,209.5,209.5,0.001
johannesburg_n17_msauli,truck,9,210.0,209.5,0.02
johannesburg_n17_msauli,truck,10,211.3,223.9,0.081
johannesburg_n17_msauli,truck,11,212.4,229.2,0.132
johannesburg_n17_msauli,truck,12,212.8,229.2,0.153
johannesburg_r25_groblersdal,truck,1,248.8,265.6,0.176
johannesburg_r25_groblersdal,truck,2,247.6,260.6,0.117
johannesburg_r25_groblersdal,truck,3,246.9,259.0,0.085
johannesburg_r25_groblersdal,truck,4,246.2,256.0,0.052
johannesburg_r25_groblersdal,truck,5,245.3,245.1,0.008
johannesburg_r25_groblersdal,truck,6,245.1,245.1,0.0
johannesburg_r25_groblersdal,truck,7,245.1,245.1,0.0
johannesburg_r25_groblersdal,truck,8,245.1,245.1,0.0
johannesburg_r25_groblersdal,truck,9,245.4,245.1,0.015
johannesburg_r25_groblersdal,truck,10,246.4,256.0,0.061
johannesburg_r25_groblersdal,truck,11,247.5,262.5,0.111
johannesburg_r25_groblersdal,truck,12,248.2,263.2,0.149
johannesburg_n12_emalahleni,truck,1,145.7,157.3,0.185
johannesburg_n12_emalahleni,truck,2,144.7,155.1,0.117
johannesburg_n12_emalahleni,truck,3,144.4,154.5,0.095
johannesburg_n12_emalahleni,truck,4,143.8,149.4,0.054
johannesburg_n12_emalahleni,truck,5,143.2,143.0,0.01
johannesburg_n12_emalahleni,truck,6,143.1,143.0,0.0
johannesburg_n12_emalahleni,truck,7,143.0,143.0,0.0
johannesburg_n12_emalahleni,truck,8,143.0,143.0,0.0
johannesburg_n12_emalahleni,truck,9,143.4,143.0,0.023
johannesburg_n12_emalahleni,truck,10,144.1,153.7,0.074
johannesburg_n12_emalahleni,truck,11,144.8,157.3,0.126
johannesburg_n12_emalahleni,truck,12,145.0,157.3,0.14
johannesburg_r29_evander,truck,1,184.7,196.6,0.179
johannesburg_r29_evander,truck,2,183.9,194.5,0.118
johannesburg_r29_evander,truck,3,183.6,193.6,0.097
johannesburg_r29_evander,truck,4,182.9,188.1,0.052
johannesburg_r29_evander,truck,5,182.3,182.2,0.009
johannesburg_r29_evander,truck,6,182.2,182.2,0.001
johannesburg_r29_evander,truck,7,182.2,182.2,0.0
johannesburg_r29_evander,truck,8,182.2,182.2,0.0
johannesburg_r29_evander,truck,9,182.5,182.2,0.02
johannesburg_r29_evander,truck,10,183.3,193.6,0.076
johannesburg_r29_evander,truck,11,184.1,196.6,0.131
johannesburg_r29_evander,truck,12,184.3,196.6,0.145
johannesburg_r24_rustenburg,truck,1,215.1,226.8,0.181
johannesburg_r24_rustenburg,truck,2,214.3,225.3,0.121
johannesburg_r24_rustenburg,truck,3,213.9,224.0,0.097
johannesburg_r24_rustenburg,truck,4,213.4,221.2,0.058
johannesburg_r24_rustenburg,truck,5,212.6,212.5,0.008
johannesburg_r24_rustenburg,truck,6,212.6,212.5,0.001
johannesburg_r24_rustenburg,truck,7,212.5,212.5,0.0
johannesburg_r24_rustenburg,truck,8,212.5,212.5,0.0
johannesburg_r24_rustenburg,truck,9,212.7,212.5,0.014
johannesburg_r24_rustenburg,truck,10,213.5,222.1,0.069
johannesburg_r24_rustenburg,truck,11,214.1,226.0,0.105
johannesburg_r24_rustenburg,truck,12,214.6,226.8,0.143
gaborone_a1_ramokgwebana,truck,1,481.5,513.1,0.131
gaborone_a1_ramokgwebana,truck,2,480.7,510.0,0.114
gaborone_a1_ramokgwebana,truck,3,478.0,498.0,0.059
gaborone_a1_ramokgwebana,truck,4,476.6,485.5,0.03
gaborone_a1_ramokgwebana,truck,5,475.1,475.1,0.0
gaborone_a1_ramokgwebana,truck,6,475.1,475.1,0.0
gaborone_a1_ramokgwebana,truck,7,475.1,475.1,0.0
gaborone_a1_ramokgwebana,truck,8,475.1,475.1,0.0
gaborone_a1_ramokgwebana,truck,9,475.1,475.1,0.0
gaborone_a1_ramokgwebana,truck,10,475.6,475.8,0.011
gaborone_a1_ramokgwebana,truck,11,477.9,495.7,0.057
gaborone_a1_ramokgwebana,truck,12,480.2,504.4,0.104
gaborone_a12_326_km,truck,1,214.6,232.4,0.127
gaborone_a12_326_km,truck,2,214.0,227.5,0.096
gaborone_a12_326_km,truck,3,213.4,224.3,0.066
gaborone_a12_326_km,truck,4,212.9,218.3,0.042
gaborone_a12_326_km,truck,5,212.0,212.0,0.0
gaborone_a12_326_km,truck,6,212.0,212.0,0.0
gaborone_a12_326_km,truck,7,212.0,212.0,0.0
gaborone_a12_326_km,truck,8,212.0,212.0,0.0
gaborone_a12_326_km,truck,9,212.0,212.0,0.0
gaborone_a12_326_km,truck,10,212.2,212.0,0.011
gaborone_a12_326_km,truck,11,212.9,220.3,0.045
gaborone_a12_326_km,truck,12,213.2,223.1,0.06
gaborone_a1_121_km,truck,1,135.7,147.2,0.121
gaborone_a1_121_km,truck,2,135.4,145.0,0.094
gaborone_a1_121_km,truck,3,135.2,142.8,0.076
gaborone_a1_121_km,truck,4,134.8,140.7,0.051
gaborone_a1_121_km,truck,5,134.2,134.2,0.002
gaborone_a1_121_km,truck,6,134.2,134.2,0.0
gaborone_a1_121_km,truck,7,134.2,134.2,0.0
gaborone_a1_121_km,truck,8,134.2,134.2,0.0
gaborone_a1_121_km,truck,9,134.2,134.2,0.002
gaborone_a1_121_km,truck,10,134.4,134.2,0.017
gaborone_a1_121_km,truck,11,134.9,142.0,0.06
gaborone_a1_121_km,truck,12,135.0,142.0,0.068
harare_a4_beitbridge,truck,1,537.2,574.3,0.191
harare_a4_beitbridge,truck,2,534.6,569.9,0.145
harare_a4_beitbridge,truck,3,529.8,550.8,0.06
harare_a4_beitbridge,truck,4,527.7,537.7,0.024
harare_a4_beitbridge,truck,5,526.3,526.3,0.0
harare_a4_beitbridge,truck,6,526.3,526.3,0.0
harare_a4_beitbridge,truck,7,526.3,526.3,0.0
harare_a4_beitbridge,truck,8,526.3,526.3,0.0
harare_a4_beitbridge,truck,9,526.3,526.3,0.001
harare_a4_beitbridge,truck,10,527.3,531.9,0.017
harare_a4_beitbridge,truck,11,531.7,556.7,0.095
harare_a4_beitbridge,truck,12,536.9,575.4,0.186
harare_a1_chirundu,truck,1,353.5,379.0,0.302
harare_a1_chirundu,truck,2,350.1,374.4,0.211
harare_a1_chirundu,truck,3,346.4,366.9,0.108
harare_a1_chirundu,truck,4,343.8,354.2,0.037
harare_a1_chirundu,truck,5,342.5,342.4,0.002
harare_a1_chirundu,truck,6,342.4,342.4,0.0
harare_a1_chirundu,truck,7,342.4,342.4,0.0
harare_a1_chirundu,truck,8,342.4,342.4,0.0
harare_a1_chirundu,truck,9,342.4,342.4,0.0
harare_a1_chirundu,truck,10,342.8,342.4,0.011
harare_a1_chirundu,truck,11,345.1,361.5,0.074
harare_a1_chirundu,truck,12,350.0,378.2,0.208
harare_r2_plumtree,truck,1,192.6,207.2,0.274
harare_r2_plumtree,truck,2,191.1,207.2,0.202
harare_r2_plumtree,truck,3,189.2,203.6,0.106
harare_r2_plumtree,truck,4,187.7,191.4,0.034
harare_r2_plumtree,truck,5,187.1,187.0,0.001
harare_r2_plumtree,truck,6,187.0,187.0,0.0
harare_r2_plumtree,truck,7,187.0,187.0,0.0
harare_r2_plumtree,truck,8,187.0,187.0,0.0
harare_r2_plumtree,truck,9,187.1,187.0,0.001
harare_r2_plumtree,truck,10,187.4,187.0,0.018
harare_r2_plumtree,truck,11,189.2,201.1,0.108
harare_r2_plumtree,truck,12,191.8,207.2,0.238
harare_r5_mutare,truck,1,202.0,216.7,0.299
harare_r5_mutare,truck,2,199.7,216.7,0.195
harare_r5_mutare,truck,3,197.7,212.3,0.099
harare_r5_mutare,truck,4,196.6,202.4,0.044
harare_r5_mutare,truck,5,195.6,195.6,0.0
harare_r5_mutare,truck,6,195.6,195.6,0.0
harare_r5_mutare,truck,7,195.6,195.6,0.0
harare_r5_mutare,truck,8,195.6,195.6,0.0
harare_r5_mutare,truck,9,195.7,195.6,0.001
harare_r5_mutare,truck,10,196.1,198.7,0.024
harare_r5_mutare,truck,11,198.3,213.5,0.126
harare_r5_mutare,truck,12,200.8,216.7,0.244
harare_p1_mucumbura,truck,1,204.2,218.6,0.328
harare_p1_mucumbura,truck,2,202.0,218.6,0.223
harare_p1_mucumbura,truck,3,199.5,214.3,0.107
harare_p1_mucumbura,truck,4,198.0,202.1,0.035
harare_p1_mucumbura,truck,5,197.3,197.2,0.002
harare_p1_mucumbura,truck,6,197.2,197.2,0.0
harare_p1_mucumbura,truck,7,197.2,197.2,0.0
harare_p1_mucumbura,truck,8,197.2,197.2,0.0
harare_p1_mucumbura,truck,9,197.2,197.2,0.0
harare_p1_mucumbura,truck,10,197.4,197.2,0.009
harare_p1_mucumbura,truck,11,198.9,210.0,0.081
harare_p1_mucumbura,truck,12,202.2,218.6,0.234
harare_r4_nyamapanda,truck,1,203.9,218.0,0.335
harare_r4_nyamapanda,truck,2,201.2,218.0,0.209
harare_r4_nyamapanda,truck,3,198.9,212.1,0.099
harare_r4_nyamapanda,truck,4,197.6,200.7,0.035
harare_r4_nyamapanda,truck,5,196.9,196.8,0.003
harare_r4_nyamapanda,truck,6,196.8,196.8,0.0
harare_r4_nyamapanda,truck,7,196.8,196.8,0.0
harare_r4_nyamapanda,truck,8,196.8,196.8,0.0
harare_r4_nyamapanda,truck,9,196.8,196.8,0.0
harare_r4_nyamapanda,truck,10,197.1,196.8,0.014
harare_r4_nyamapanda,truck,11,198.6,209.6,0.084
harare_r4_nyamapanda,truck,12,201.8,218.0,0.238
lusaka_t2_chirundu,truck,1,167.8,177.9,0.332
lusaka_t2_chirundu,truck,2,166.2,177.9,0.226
lusaka_t2_chirundu,truck,3,164.2,174.5,0.097
lusaka_t2_chirundu,truck,4,163.2,165.7,0.033
lusaka_t2_chirundu,truck,5,162.7,162.7,0.001
lusaka_t2_chirundu,truck,6,162.7,162.7,0.0
lusaka_t2_chirundu,truck,7,162.7,162.7,0.0
lusaka_t2_chirundu,truck,8,162.7,162.7,0.0
lusaka_t2_chirundu,truck,9,162.7,162.7,0.0
lusaka_t2_chirundu,truck,10,162.8,162.7,0.005
lusaka_t2_chirundu,truck,11,163.7,170.9,0.062
lusaka_t2_chirundu,truck,12,166.1,177.9,0.225
lusaka_t2_nakonde,truck,1,1025.2,1077.0,0.364
lusaka_t2_nakonde,truck,2,1022.2,1077.1,0.337
lusaka_t2_nakonde,truck,3,1008.8,1062.5,0.21
lusaka_t2_nakonde,truck,4,992.2,1019.4,0.052
lusaka_t2_nakonde,truck,5,986.8,986.6,0.001
lusaka_t2_nakonde,truck,6,986.6,986.6,0.0
lusaka_t2_nakonde,truck,7,986.6,986.6,0.0
lusaka_t2_nakonde,truck,8,986.6,986.6,0.0
lusaka_t2_nakonde,truck,9,986.6,986.6,0.0
lusaka_t2_nakonde,truck,10,987.2,986.6,0.005
lusaka_t2_nakonde,truck,11,998.3,1042.4,0.11
lusaka_t2_nakonde,truck,12,1016.9,1073.1,0.287
lusaka_t1_livingstone,truck,1,494.1,528.5,0.286
lusaka_t1_livingstone,truck,2,490.2,524.8,0.207
lusaka_t1_livingstone,truck,3,484.5,511.6,0.091
lusaka_t1_livingstone,truck,4,481.1,487.1,0.021
lusaka_t1_livingstone,truck,5,480.1,480.1,0.001
lusaka_t1_livingstone,truck,6,480.1,480.1,0.0
lusaka_t1_livingstone,truck,7,480.1,480.1,0.0
lusaka_t1_livingstone,truck,8,480.1,480.1,0.0
lusaka_t1_livingstone,truck,9,480.1,480.1,0.0
lusaka_t1_livingstone,truck,10,480.3,480.1,0.005
lusaka_t1_livingstone,truck,11,483.6,504.2,0.072
lusaka_t1_livingstone,truck,12,489.6,521.2,0.195
lusaka_m9_mongu,truck,1,205.0,218.9,0.32
lusaka_m9_mongu,truck,2,203.6,218.9,0.254
lusaka_m9_mongu,truck,3,200.6,215.3,0.108
lusaka_m9_mongu,truck,4,199.0,204.3,0.03
lusaka_m9_mongu,truck,5,198.4,198.4,0.0
lusaka_m9_mongu,truck,6,198.4,198.4,0.0
lusaka_m9_mongu,truck,7,198.4,198.4,0.0
lusaka_m9_mongu,truck,8,198.4,198.4,0.0
lusaka_m9_mongu,truck,9,198.4,198.4,0.0
lusaka_m9_mongu,truck,10,198.5,198.4,0.006
lusaka_m9_mongu,truck,11,200.2,214.2,0.091
lusaka_m9_mongu,truck,12,203.2,218.9,0.235
lusaka_t4_234_km,truck,1,224.6,239.1,0.351
lusaka_t4_234_km,truck,2,222.4,239.1,0.253
lusaka_t4_234_km,truck,3,219.3,236.1,0.113
lusaka_t4_234_km,truck,4,217.4,221.5,0.031
lusaka_t4_234_km,truck,5,216.8,216.8,0.002
lusaka_t4_234_km,truck,6,216.8,216.8,0.0
lusaka_t4_234_km,truck,7,216.8,216.8,0.0
lusaka_t4_234_km,truck,8,216.8,216.8,0.0
lusaka_t4_234_km,truck,9,216.8,216.8,0.0
lusaka_t4_234_km,truck,10,216.9,216.8,0.004
lusaka_t4_234_km,truck,11,218.6,232.7,0.082
lusaka_t4_234_km,truck,12,222.4,239.1,0.252
maputo_en4_ressano_garcia,truck,1,121.8,131.0,0.128
maputo_en4_ressano_garcia,truck,2,121.8,131.0,0.124
maputo_en4_ressano_garcia,truck,3,121.3,130.2,0.082
maputo_en4_ressano_garcia,truck,4,120.9,125.0,0.045
maputo_en4_ressano_garcia,truck,5,120.6,120.5,0.014
maputo_en4_ressano_garcia,truck,6,120.5,120.5,0.007
maputo_en4_ressano_garcia,truck,7,120.5,120.5,0.001
maputo_en4_ressano_garcia,truck,8,120.5,120.5,0.001
maputo_en4_ressano_garcia,truck,9,120.7,120.5,0.026
maputo_en4_ressano_garcia,truck,10,121.0,125.3,0.047
maputo_en4_ressano_garcia,truck,11,121.3,130.0,0.083
maputo_en4_ressano_garcia,truck,12,121.8,131.0,0.127
maputo_n1_pemba,truck,1,258.3,277.9,0.13
maputo_n1_pemba,truck,2,258.5,278.9,0.138
maputo_n1_pemba,truck,3,257.3,272.8,0.085
maputo_n1_pemba,truck,4,256.7,268.8,0.061
maputo_n1_pemba,truck,5,255.9,259.4,0.03
maputo_n1_pemba,truck,6,255.5,255.2,0.014
maputo_n1_pemba,truck,7,255.4,255.2,0.007
maputo_n1_pemba,truck,8,255.3,255.2,0.002
maputo_n1_pemba,truck,9,255.9,258.3,0.028
maputo_n1_pemba,truck,10,256.3,262.6,0.043
maputo_n1_pemba,truck,11,257.1,271.1,0.08
maputo_n1_pemba,truck,12,258.2,275.2,0.126
windhoek_b2_walvis_bay,truck,1,371.6,383.4,0.048
windhoek_b2_walvis_bay,truck,2,371.4,382.6,0.042
windhoek_b2_walvis_bay,truck,3,371.2,380.8,0.037
windhoek_b2_walvis_bay,truck,4,370.2,372.4,0.012
windhoek_b2_walvis_bay,truck,5,369.7,369.7,0.0
windhoek_b2_walvis_bay,truck,6,369.7,369.7,0.0
windhoek_b2_walvis_bay,truck,7,369.7,369.7,0.0
windhoek_b2_walvis_bay,truck,8,369.7,369.7,0.0
windhoek_b2_walvis_bay,truck,9,369.7,369.7,0.0
windhoek_b2_walvis_bay,truck,10,369.7,369.7,0.0
windhoek_b2_walvis_bay,truck,11,369.9,369.7,0.004
windhoek_b2_walvis_bay,truck,12,370.2,372.6,0.013
windhoek_b6_buitepos,truck,1,306.1,324.7,0.09
windhoek_b6_buitepos,truck,2,305.9,321.5,0.083
windhoek_b6_buitepos,truck,3,305.4,318.9,0.069
windhoek_b6_buitepos,truck,4,304.6,313.9,0.042
windhoek_b6_buitepos,truck,5,303.3,303.3,0.0
windhoek_b6_buitepos,truck,6,303.3,303.3,0.0
windhoek_b6_buitepos,truck,7,303.3,303.3,0.0
windhoek_b6_buitepos,truck,8,303.3,303.3,0.0
windhoek_b6_buitepos,truck,9,303.3,303.3,0.0
windhoek_b6_buitepos,truck,10,303.3,303.3,0.002
windhoek_b6_buitepos,truck,11,303.5,303.3,0.008
windhoek_b6_buitepos,truck,12,304.8,316.4,0.051
windhoek_b1_797_km,truck,1,206.1,213.7,0.055
windhoek_b1_797_km,truck,2,206.2,213.7,0.057
windhoek_b1_797_km,truck,3,205.9,213.7,0.047
windhoek_b1_797_km,truck,4,205.4,207.9,0.02
windhoek_b1_797_km,truck,5,205.0,205.0,0.0
windhoek_b1_797_km,truck,6,205.0,205.0,0.0
windhoek_b1_797_km,truck,7,205.0,205.0,0.0
windhoek_b1_797_km,truck,8,205.0,205.0,0.0
windhoek_b1_797_km,truck,9,205.0,205.0,0.0
windhoek_b1_797_km,truck,10,205.0,205.0,0.001
windhoek_b1_797_km,truck,11,205.1,205.0,0.006
windhoek_b1_797_km,truck,12,205.2,205.0,0.01
windhoek_c28_swakopmund,truck,1,216.2,226.0,0.058
windhoek_c28_swakopmund,truck,2,216.3,225.9,0.062
windhoek_c28_swakopmund,truck,3,216.0,224.7,0.051
windhoek_c28_swakopmund,truck,4,215.1,214.8,0.015
windhoek_c28_swakopmund,truck,5,214.8,214.8,0.0
windhoek_c28_swakopmund,truck,6,214.8,214.8,0.0
windhoek_c28_swakopmund,truck,7,214.8,214.8,0.0
windhoek_c28_swakopmund,truck,8,214.8,214.8,0.0
windhoek_c28_swakopmund,truck,9,214.8,214.8,0.0
windhoek_c28_swakopmund,truck,10,214.8,214.8,0.0
windhoek_c28_swakopmund,truck,11,214.9,214.8,0.005
windhoek_c28_swakopmund,truck,12,215.2,216.2,0.017
windhoek_c26_194_km,truck,1,234.6,242.1,0.057
windhoek_c26_194_km,truck,2,234.9,245.0,0.069
windhoek_c26_194_km,truck,3,234.6,243.3,0.056
windhoek_c26_194_km,truck,4,233.8,235.4,0.018
windhoek_c26_194_km,truck,5,233.4,233.4,0.0
windhoek_c26_194_km,truck,6,233.4,233.4,0.0
windhoek_c26_194_km,truck,7,233.4,233.4,0.0
windhoek_c26_194_km,truck,8,233.4,233.4,0.0
windhoek_c26_194_km,truck,9,233.4,233.4,0.0
windhoek_c26_194_km,truck,10,233.4,233.4,0.0
windhoek_c26_194_km,truck,11,233.5,233.4,0.005
windhoek_c26_194_km,truck,12,233.7,233.4,0.014
