corridor,road_type,people,exposure,km,exposure_share,people_share
dar_es_salaam_road_dodoma,open road,3445.0,10.359,153.0,0.019,0.007
dar_es_salaam_road_dodoma,roadside settlement,149520.0,299.926,220.0,0.564,0.307
dar_es_salaam_road_dodoma,town,333425.0,221.353,82.0,0.416,0.686
dar_es_salaam_t1_tunduma,open road,7206.0,21.545,359.5,0.024,0.008
dar_es_salaam_t1_tunduma,roadside settlement,350884.0,538.189,456.0,0.591,0.388
dar_es_salaam_t1_tunduma,town,546197.0,351.152,117.5,0.386,0.604
dar_es_salaam_t7_lindi,open road,3103.0,9.15,64.5,0.034,0.011
dar_es_salaam_t7_lindi,roadside settlement,67133.0,124.712,112.0,0.465,0.234
dar_es_salaam_t7_lindi,town,216682.0,134.611,27.0,0.501,0.755
dodoma_t3_morogoro,open road,997.0,3.403,88.0,0.028,0.012
dodoma_t3_morogoro,roadside settlement,55640.0,98.11,96.0,0.809,0.688
dodoma_t3_morogoro,town,24221.0,19.699,18.0,0.163,0.3
dodoma_t3_rusomo,open road,2343.0,8.0,103.5,0.08,0.045
dodoma_t3_rusomo,roadside settlement,29156.0,72.915,79.5,0.733,0.557
dodoma_t3_rusomo,town,20866.0,18.583,18.5,0.187,0.398
dodoma_t5_arusha,open road,1080.0,3.477,110.5,0.046,0.023
dodoma_t5_arusha,roadside settlement,28894.0,59.64,77.0,0.797,0.622
dodoma_t5_arusha,town,16485.0,11.724,14.0,0.157,0.355
dodoma_t5_iringa,open road,1580.0,5.171,121.0,0.056,0.027
dodoma_t5_iringa,roadside settlement,33340.0,65.909,66.0,0.711,0.57
dodoma_t5_iringa,town,23524.0,21.593,15.0,0.233,0.403
gaborone_a12_326_km,open road,575.0,1.73,135.5,0.021,0.012
gaborone_a12_326_km,roadside settlement,30640.0,64.986,50.0,0.787,0.644
gaborone_a12_326_km,town,16388.0,15.874,15.0,0.192,0.344
gaborone_a1_121_km,open road,1048.0,3.48,79.5,0.053,0.027
gaborone_a1_121_km,roadside settlement,23148.0,48.148,37.5,0.735,0.606
gaborone_a1_121_km,town,13976.0,13.892,8.5,0.212,0.366
gaborone_a1_ramokgwebana,open road,1462.0,5.309,391.5,0.074,0.039
gaborone_a1_ramokgwebana,roadside settlement,17537.0,47.783,94.0,0.67,0.463
gaborone_a1_ramokgwebana,town,18879.0,18.202,15.0,0.255,0.498
harare_a1_chirundu,open road,3820.0,12.231,265.5,0.136,0.073
harare_a1_chirundu,roadside settlement,32039.0,63.02,71.5,0.702,0.613
harare_a1_chirundu,town,16438.0,14.581,10.5,0.162,0.314
harare_a4_beitbridge,open road,5716.0,20.366,440.5,0.138,0.078
harare_a4_beitbridge,roadside settlement,41513.0,104.31,122.5,0.704,0.565
harare_a4_beitbridge,town,26182.0,23.399,11.5,0.158,0.357
harare_p1_mucumbura,open road,2426.0,7.816,102.0,0.09,0.058
harare_p1_mucumbura,roadside settlement,31433.0,71.774,95.5,0.825,0.758
harare_p1_mucumbura,town,7624.0,7.421,3.0,0.085,0.184
harare_r2_plumtree,open road,4243.0,15.194,130.5,0.138,0.066
harare_r2_plumtree,roadside settlement,31566.0,69.894,63.5,0.635,0.493
harare_r2_plumtree,town,28173.0,25.01,6.5,0.227,0.44
harare_r4_nyamapanda,open road,2486.0,8.153,81.0,0.095,0.06
harare_r4_nyamapanda,roadside settlement,29013.0,69.176,115.0,0.805,0.695
harare_r4_nyamapanda,town,10260.0,8.564,4.5,0.1,0.246
harare_r5_mutare,open road,3514.0,11.891,133.5,0.108,0.052
harare_r5_mutare,roadside settlement,36608.0,72.779,60.5,0.663,0.54
harare_r5_mutare,town,27629.0,25.156,7.5,0.229,0.408
johannesburg_n12_de_rust,open road,495.0,1.655,116.0,0.011,0.007
johannesburg_n12_de_rust,roadside settlement,61296.0,137.616,71.0,0.908,0.825
johannesburg_n12_de_rust,town,12519.0,12.251,15.0,0.081,0.168
johannesburg_n12_emalahleni,open road,638.0,2.275,80.5,0.028,0.011
johannesburg_n12_emalahleni,roadside settlement,38842.0,68.556,44.5,0.837,0.695
johannesburg_n12_emalahleni,town,16372.0,11.046,7.0,0.135,0.293
johannesburg_n17_msauli,open road,2074.0,6.74,153.5,0.077,0.051
johannesburg_n17_msauli,roadside settlement,30448.0,75.75,50.5,0.867,0.747
johannesburg_n17_msauli,town,8229.0,4.876,3.0,0.056,0.202
johannesburg_n3_durban,open road,1985.0,6.072,417.0,0.027,0.013
johannesburg_n3_durban,roadside settlement,82371.0,157.446,141.0,0.696,0.553
johannesburg_n3_durban,town,64647.0,62.538,13.5,0.277,0.434
johannesburg_r24_rustenburg,open road,401.0,1.19,39.5,0.014,0.004
johannesburg_r24_rustenburg,roadside settlement,36535.0,37.263,53.0,0.426,0.341
johannesburg_r24_rustenburg,town,70202.0,48.994,27.0,0.56,0.655
johannesburg_r25_groblersdal,open road,522.0,1.824,106.0,0.024,0.008
johannesburg_r25_groblersdal,roadside settlement,27564.0,50.437,68.0,0.657,0.44
johannesburg_r25_groblersdal,town,34540.0,24.514,18.0,0.319,0.552
johannesburg_r29_evander,open road,153.0,0.5,48.0,0.004,0.001
johannesburg_r29_evander,roadside settlement,43708.0,58.193,51.0,0.489,0.348
johannesburg_r29_evander,town,81638.0,60.232,26.5,0.506,0.651
johannesburg_r59_dealesville,open road,593.0,2.183,138.0,0.026,0.018
johannesburg_r59_dealesville,roadside settlement,28450.0,79.66,57.0,0.933,0.856
johannesburg_r59_dealesville,town,4212.0,3.493,7.5,0.041,0.127
kampala_a1_malaba,open road,983.0,3.442,32.0,0.012,0.003
kampala_a1_malaba,roadside settlement,128786.0,156.626,121.0,0.532,0.346
kampala_a1_malaba,town,242267.0,134.185,59.5,0.456,0.651
kampala_a2_katuna,open road,3127.0,10.169,78.5,0.028,0.008
kampala_a2_katuna,roadside settlement,156405.0,230.66,290.5,0.642,0.41
kampala_a2_katuna,town,222290.0,118.396,54.5,0.33,0.582
kampala_a5_bwera,open road,4590.0,11.682,75.0,0.032,0.013
kampala_a5_bwera,roadside settlement,233347.0,293.558,323.5,0.809,0.647
kampala_a5_bwera,town,122719.0,57.537,24.5,0.159,0.34
kampala_a6_elegu,open road,4450.0,15.035,98.5,0.04,0.013
kampala_a6_elegu,roadside settlement,133160.0,256.622,276.5,0.676,0.398
kampala_a6_elegu,town,197121.0,107.886,55.5,0.284,0.589
kampala_a9_hoima,open road,820.0,2.851,12.5,0.012,0.003
kampala_a9_hoima,roadside settlement,113899.0,160.983,162.0,0.698,0.446
kampala_a9_hoima,town,140931.0,66.837,21.0,0.29,0.551
kigali_nr1_huye,open road,1633.0,3.459,11.5,0.017,0.008
kigali_nr1_huye,roadside settlement,152346.0,163.22,130.0,0.802,0.71
kigali_nr1_huye,town,60494.0,36.75,16.0,0.181,0.282
kigali_nr2_gisenyi,open road,827.0,0.626,6.0,0.003,0.004
kigali_nr2_gisenyi,roadside settlement,152409.0,141.333,121.0,0.74,0.648
kigali_nr2_gisenyi,town,81798.0,49.01,23.5,0.257,0.348
kigali_nr3_gatuna,open road,1016.0,1.931,12.5,0.026,0.016
kigali_nr3_gatuna,roadside settlement,30529.0,53.847,59.5,0.716,0.494
kigali_nr3_gatuna,town,30289.0,19.408,4.0,0.258,0.49
kigali_road_rusumo,open road,1235.0,0.742,5.5,0.003,0.005
kigali_road_rusumo,roadside settlement,143392.0,163.293,122.5,0.697,0.579
kigali_road_rusumo,town,103079.0,70.257,31.0,0.3,0.416
lusaka_m9_mongu,open road,2922.0,9.998,86.0,0.087,0.035
lusaka_m9_mongu,roadside settlement,24476.0,65.303,105.5,0.567,0.295
lusaka_m9_mongu,town,55584.0,39.844,8.5,0.346,0.67
lusaka_t1_livingstone,open road,5518.0,18.958,302.0,0.071,0.031
lusaka_t1_livingstone,roadside settlement,78176.0,160.462,139.5,0.605,0.436
lusaka_t1_livingstone,town,95735.0,85.873,28.5,0.324,0.534
lusaka_t2_chirundu,open road,634.0,2.294,45.0,0.016,0.005
lusaka_t2_chirundu,roadside settlement,23851.0,51.25,68.5,0.363,0.204
lusaka_t2_chirundu,town,92488.0,87.815,22.5,0.621,0.791
lusaka_t2_nakonde,open road,9168.0,30.947,555.0,0.079,0.036
lusaka_t2_nakonde,roadside settlement,140951.0,277.885,435.0,0.711,0.551
lusaka_t2_nakonde,town,105634.0,82.268,29.5,0.21,0.413
lusaka_t4_234_km,open road,2036.0,6.736,72.5,0.044,0.021
lusaka_t4_234_km,roadside settlement,39290.0,93.056,111.0,0.609,0.405
lusaka_t4_234_km,town,55731.0,53.05,17.0,0.347,0.574
maputo_en4_ressano_garcia,open road,402.0,1.353,40.5,0.014,0.004
maputo_en4_ressano_garcia,roadside settlement,10561.0,21.194,31.0,0.226,0.097
maputo_en4_ressano_garcia,town,98256.0,71.072,22.0,0.759,0.9
maputo_n1_pemba,open road,176.0,0.619,29.5,0.003,0.001
maputo_n1_pemba,roadside settlement,56400.0,92.715,106.5,0.521,0.306
maputo_n1_pemba,town,127859.0,84.703,64.5,0.476,0.693
nairobi_a2_moyale,open road,791.0,1.977,17.0,0.005,0.003
nairobi_a2_moyale,roadside settlement,131250.0,291.517,151.5,0.74,0.527
nairobi_a2_moyale,town,117113.0,100.262,34.0,0.255,0.47
nairobi_a2_namanga,open road,1930.0,6.54,76.0,0.05,0.02
nairobi_a2_namanga,roadside settlement,29835.0,63.559,59.5,0.489,0.31
nairobi_a2_namanga,town,64448.0,59.978,23.5,0.461,0.67
nairobi_a8_malaba,open road,5371.0,16.534,74.5,0.027,0.01
nairobi_a8_malaba,roadside settlement,205517.0,375.785,282.0,0.605,0.385
nairobi_a8_malaba,town,322709.0,229.106,84.0,0.369,0.605
nairobi_a8_mombasa,open road,3755.0,13.465,219.0,0.046,0.018
nairobi_a8_mombasa,roadside settlement,93830.0,179.532,229.0,0.611,0.445
nairobi_a8_mombasa,town,113152.0,100.999,33.0,0.344,0.537
pretoria_n14_springbok,open road,1356.0,3.604,130.0,0.041,0.02
pretoria_n14_springbok,roadside settlement,59392.0,78.434,66.5,0.892,0.884
pretoria_n14_springbok,town,6439.0,5.908,6.0,0.067,0.096
pretoria_n1_beitbridge,open road,1970.0,6.452,376.0,0.055,0.033
pretoria_n1_beitbridge,roadside settlement,53858.0,106.086,95.0,0.908,0.89
pretoria_n1_beitbridge,town,4692.0,4.297,7.0,0.037,0.078
pretoria_n1_cape_town,open road,1361.0,4.991,111.0,0.024,0.013
pretoria_n1_cape_town,roadside settlement,99252.0,198.671,85.0,0.965,0.96
pretoria_n1_cape_town,town,2814.0,2.302,5.0,0.011,0.027
pretoria_n4_lebombo,open road,3109.0,10.07,310.0,0.098,0.058
pretoria_n4_lebombo,roadside settlement,47160.0,89.408,103.5,0.872,0.879
pretoria_n4_lebombo,town,3397.0,3.108,7.0,0.03,0.063
pretoria_n4_lekubu,open road,1829.0,5.853,138.0,0.08,0.05
pretoria_n4_lekubu,roadside settlement,32824.0,65.179,57.5,0.896,0.902
pretoria_n4_lekubu,town,1740.0,1.74,3.5,0.024,0.048
windhoek_b1_797_km,open road,179.0,0.629,180.0,0.039,0.017
windhoek_b1_797_km,roadside settlement,4020.0,9.268,15.0,0.579,0.386
windhoek_b1_797_km,town,6217.0,6.099,9.0,0.381,0.597
windhoek_b2_walvis_bay,open road,436.0,1.614,356.5,0.074,0.037
windhoek_b2_walvis_bay,roadside settlement,7310.0,17.228,35.0,0.788,0.615
windhoek_b2_walvis_bay,town,4134.0,3.021,5.5,0.138,0.348
windhoek_b6_buitepos,open road,435.0,1.429,295.5,0.173,0.072
windhoek_b6_buitepos,roadside settlement,1926.0,4.011,16.0,0.486,0.32
windhoek_b6_buitepos,town,3654.0,2.809,6.0,0.341,0.607
windhoek_c26_194_km,open road,67.0,0.182,190.0,0.042,0.013
windhoek_c26_194_km,roadside settlement,660.0,0.741,2.0,0.173,0.129
windhoek_c26_194_km,town,4371.0,3.37,6.5,0.785,0.857
windhoek_c28_swakopmund,open road,86.0,0.242,196.0,0.028,0.011
windhoek_c28_swakopmund,roadside settlement,4513.0,5.314,7.0,0.623,0.557
windhoek_c28_swakopmund,town,3502.0,2.973,1.5,0.349,0.432
