corridor,town,km_from,km_to,town_km,vehicle,minutes_saved,p5,p95
johannesburg_r24_rustenburg,Mindalore,20.0,34.0,14.0,truck,35.31,24.11,49.36
johannesburg_n12_de_rust,Klerksdorp,158.5,167.5,9.0,truck,26.32,16.7,37.91
johannesburg_r29_evander,Boksburg,20.0,30.5,10.5,truck,25.52,18.9,35.5
nairobi_a8_malaba,Eldoret,305.5,324.5,19.0,truck,19.31,13.05,31.04
johannesburg_n12_de_rust,Potchefstroom,113.5,117.5,4.0,truck,18.38,10.6,25.96
dar_es_salaam_t1_tunduma,Iwambi,824.0,843.5,19.5,truck,12.13,4.6,22.75
dar_es_salaam_road_dodoma,Kwa Mathias,31.0,51.0,20.0,truck,8.27,2.45,17.6
johannesburg_r25_groblersdal,Houtkapper Park,20.5,24.0,3.5,truck,7.9,4.46,11.23
nairobi_a2_moyale,Juja,19.5,32.0,12.5,truck,7.0,2.58,17.92
johannesburg_r29_evander,Springs,42.0,50.5,8.5,truck,6.04,2.93,9.96
harare_a1_chirundu,Chinhoyi,111.0,113.5,2.5,truck,5.06,2.57,7.78
nairobi_a8_malaba,Nakuru,154.0,162.5,8.5,truck,4.54,1.74,9.87
dar_es_salaam_t1_tunduma,"Bamba, Kongowe",43.5,56.0,12.5,truck,4.53,1.13,10.58
dar_es_salaam_road_dodoma,Magereza,185.5,196.5,11.0,truck,4.33,-0.22,11.22
dar_es_salaam_t1_tunduma,Iringa,497.0,506.0,9.0,truck,4.14,0.03,7.96
maputo_n1_pemba,km 69,69.0,79.5,10.5,truck,4.06,0.93,9.92
kampala_a1_malaba,Jinja,76.5,87.0,10.5,truck,3.89,-0.5,8.28
gaborone_a1_ramokgwebana,Francistown,428.5,431.5,3.0,truck,3.63,1.74,5.96
dar_es_salaam_t1_tunduma,km 191,191.0,199.5,8.5,truck,3.46,0.79,8.09
pretoria_n4_lebombo,Malalane,373.5,375.0,1.5,truck,3.36,1.58,5.1
windhoek_b2_walvis_bay,Swakopmund,361.0,364.0,3.0,truck,3.21,1.29,4.98
kampala_a1_malaba,Iganga,112.5,119.0,6.5,truck,3.1,0.38,7.01
johannesburg_r59_dealesville,Parys,117.0,120.0,3.0,truck,2.99,1.73,7.29
lusaka_t1_livingstone,Mazabuka,120.0,122.0,2.0,truck,2.89,1.13,4.46
dar_es_salaam_t7_lindi,Vikindu,20.5,27.5,7.0,truck,2.86,0.62,6.26
gaborone_a12_326_km,Molepolole,46.0,54.5,8.5,truck,2.67,-0.12,6.64
kigali_nr2_gisenyi,Mahoko,136.5,142.0,5.5,truck,2.47,-0.19,5.47
kampala_a1_malaba,Njeru,69.0,75.0,6.0,truck,2.46,-0.43,5.03
kampala_a6_elegu,Luweero,57.0,61.0,4.0,truck,2.24,0.13,4.72
nairobi_a2_namanga,Mlolongo,15.0,17.0,2.0,truck,2.22,0.89,9.59
gaborone_a1_ramokgwebana,Mahalapye,192.0,197.5,5.5,truck,2.1,-0.5,5.42
kampala_a2_katuna,Mbarara,261.0,267.0,6.0,truck,2.1,-0.67,5.52
kigali_nr2_gisenyi,Musanze,85.0,94.0,9.0,truck,2.1,-1.57,6.21
dar_es_salaam_t1_tunduma,Kibaha,36.0,42.0,6.0,truck,2.04,0.3,7.55
harare_a4_beitbridge,Masvingo,286.0,291.0,5.0,truck,1.98,0.98,6.5
nairobi_a8_mombasa,Mlolongo,18.5,20.0,1.5,truck,1.94,0.39,9.75
kampala_a6_elegu,Gulu,326.0,330.0,4.0,truck,1.91,0.05,4.07
lusaka_t1_livingstone,Choma,279.0,283.0,4.0,truck,1.84,0.51,6.46
dar_es_salaam_t1_tunduma,Mafinga,565.0,572.0,7.0,truck,1.56,-0.96,4.18
lusaka_t4_234_km,Chongwe,43.5,47.5,4.0,truck,1.53,-0.54,3.81
nairobi_a8_malaba,Annbell A,145.5,150.0,4.5,truck,1.5,-0.32,3.33
dar_es_salaam_t1_tunduma,Uyole,817.5,821.0,3.5,truck,1.27,-0.67,3.37
kampala_a2_katuna,Kabale,400.0,403.5,3.5,truck,1.24,-0.73,3.3
nairobi_a2_namanga,Kitengela,25.5,30.5,5.0,truck,1.22,-0.49,3.57
dar_es_salaam_t7_lindi,Mkuranga,40.0,43.5,3.5,truck,1.21,-0.62,3.4
dar_es_salaam_t1_tunduma,Chalinze,109.0,112.0,3.0,truck,1.15,-0.41,2.96
kampala_a1_malaba,Mbalala,28.0,29.5,1.5,truck,1.14,0.29,5.38
kigali_road_rusumo,Nyakarambi,133.5,138.0,4.5,truck,1.07,-1.11,3.23
lusaka_t1_livingstone,Monze,181.0,184.5,3.5,truck,1.03,-0.4,2.97
lusaka_t2_chirundu,Kafue,42.0,45.0,3.0,truck,1.0,-0.43,2.6
kampala_a2_katuna,Kayirikiti,119.5,123.5,4.0,truck,0.91,-1.01,2.6
dar_es_salaam_road_dodoma,Ugindoni,52.5,56.0,3.5,truck,0.86,-1.0,2.56
kampala_a1_malaba,Batambogwe,103.5,107.0,3.5,truck,0.82,-0.56,2.72
dar_es_salaam_road_dodoma,Chalinze,104.0,106.5,2.5,truck,0.77,-0.59,2.67
kampala_a2_katuna,Lukaya,98.5,101.5,3.0,truck,0.77,-0.66,2.62
maputo_n1_pemba,km 60,59.5,64.5,5.0,truck,0.77,-1.32,3.07
johannesburg_n3_durban,Epworth,490.0,491.5,1.5,truck,0.72,-0.35,1.92
nairobi_a2_moyale,Nanyuki,190.0,194.0,4.0,truck,0.72,-1.28,2.99
kampala_a2_katuna,Kayabwe Trc,74.5,77.5,3.0,truck,0.71,-0.98,2.27
windhoek_b1_797_km,Rehoboth,89.5,93.5,4.0,truck,0.71,-1.39,2.55
kampala_a6_elegu,Bweyale,216.5,220.5,4.0,truck,0.68,-1.34,2.23
nairobi_a2_moyale,Karatina,122.5,125.0,2.5,truck,0.61,-0.69,2.02
dar_es_salaam_t1_tunduma,Maili 35,57.5,61.0,3.5,truck,0.59,-1.16,2.22
kampala_a6_elegu,Kigumba,195.5,198.5,3.0,truck,0.59,-0.7,2.97
kampala_a2_katuna,Ntungamo,324.5,327.0,2.5,truck,0.58,-0.97,2.15
nairobi_a8_mombasa,Athi River,25.0,30.5,5.5,truck,0.51,-1.66,2.34
dar_es_salaam_t1_tunduma,Ihemi,532.5,535.0,2.5,truck,0.5,-0.76,2.16
dodoma_t3_rusomo,Manyoni,122.0,125.0,3.0,truck,0.48,-1.12,1.94
nairobi_a2_namanga,Athi River,19.0,24.0,5.0,truck,0.47,-1.24,2.59
windhoek_b6_buitepos,Gobabis,208.0,210.0,2.0,truck,0.47,-0.87,1.56
kampala_a2_katuna,Kataba,22.0,24.0,2.0,truck,0.46,-0.62,1.56
lusaka_t1_livingstone,Kafue,39.0,41.0,2.0,truck,0.44,-0.7,1.46
gaborone_a1_ramokgwebana,km 266,265.5,267.5,2.0,truck,0.39,-1.23,1.36
dar_es_salaam_road_dodoma,Kilongo,199.5,203.5,4.0,truck,0.37,-1.03,2.11
kampala_a2_katuna,Buwama B,62.5,65.0,2.5,truck,0.37,-0.75,1.49
johannesburg_n12_emalahleni,Benoni,24.5,26.0,1.5,truck,0.36,-0.92,1.73
nairobi_a8_malaba,Kanduyi,405.0,408.0,3.0,truck,0.36,-0.85,2.28
nairobi_a8_malaba,Limuru,26.0,32.5,6.5,truck,0.34,-2.13,3.13
gaborone_a1_121_km,Lobatse,74.0,77.0,3.0,truck,0.33,-1.15,1.76
maputo_n1_pemba,Maluana,54.5,58.0,3.5,truck,0.28,-1.25,1.59
kampala_a5_bwera,Mubende,142.0,143.5,1.5,truck,0.27,-1.0,1.6
kampala_a5_bwera,Kasese,361.5,363.5,2.0,truck,0.26,-0.98,1.5
kampala_a1_malaba,Lugazi,42.0,45.0,3.0,truck,0.24,-1.32,1.74
kigali_road_rusumo,Kayonza,67.5,69.5,2.0,truck,0.24,-1.0,1.67
kampala_a1_malaba,Wandago,94.5,97.5,3.0,truck,0.23,-1.14,1.34
kampala_a5_bwera,Fort Portal,287.0,289.5,2.5,truck,0.23,-1.22,1.71
kigali_road_rusumo,Ruramira,75.5,79.0,3.5,truck,0.2,-1.22,1.77
maputo_n1_pemba,Macia,146.5,148.0,1.5,truck,0.2,-1.0,1.41
dar_es_salaam_road_dodoma,Mkambarani,170.0,173.5,3.5,truck,0.19,-1.4,1.82
dar_es_salaam_t1_tunduma,Msolwa,119.5,121.5,2.0,truck,0.19,-1.32,1.31
johannesburg_n12_de_rust,km 27,27.0,28.5,1.5,truck,0.17,-0.84,1.05
kigali_nr2_gisenyi,Byangabo,103.5,105.0,1.5,truck,0.17,-0.78,1.14
kampala_a1_malaba,Bugiri,148.0,149.5,1.5,truck,0.16,-0.88,1.17
dar_es_salaam_road_dodoma,Mitumba,429.0,432.0,3.0,truck,0.13,-1.04,1.2
kampala_a2_katuna,Kyazanga,176.0,177.5,1.5,truck,0.13,-0.87,1.3
kampala_a6_elegu,Wobulenzi,43.5,45.5,2.0,truck,0.12,-1.31,1.6
lusaka_t2_nakonde,km 20,19.5,22.0,2.5,truck,0.12,-1.26,1.04
nairobi_a8_malaba,Leseru,330.0,332.5,2.5,truck,0.11,-1.1,1.33
kampala_a1_malaba,Kayanja,31.5,35.0,3.5,truck,0.08,-1.41,1.45
dar_es_salaam_t7_lindi,Ikwiriri,162.5,164.0,1.5,truck,0.07,-1.11,1.01
dar_es_salaam_t1_tunduma,Mikese,168.5,170.5,2.0,truck,0.06,-1.38,1.15
kampala_a6_elegu,Kasaala,63.5,65.5,2.0,truck,0.04,-1.3,1.42
kampala_a6_elegu,Migyera,135.5,137.0,1.5,truck,0.04,-1.0,0.94
kigali_nr1_huye,Muhanga,44.5,46.5,2.0,truck,0.04,-1.29,1.11
kigali_nr1_huye,Muhanga,48.5,50.5,2.0,truck,0.04,-1.11,1.49
nairobi_a8_mombasa,Emali,122.5,124.0,1.5,truck,0.01,-1.04,1.14
kigali_road_rusumo,Kurusozi,146.5,148.0,1.5,truck,-0.01,-1.22,1.07
nairobi_a8_mombasa,Maungu,359.0,360.5,1.5,truck,-0.03,-1.07,1.06
harare_r2_plumtree,Kadoma,140.5,142.0,1.5,truck,-0.05,-1.2,1.19
kampala_a6_elegu,Atiak,397.5,399.0,1.5,truck,-0.05,-1.31,1.05
dar_es_salaam_t1_tunduma,Mkambarani,175.0,178.0,3.0,truck,-0.06,-1.61,1.19
kigali_nr1_huye,Huye,122.0,125.5,3.5,truck,-0.06,-1.96,1.55
kigali_nr2_gisenyi,Base,43.5,45.5,2.0,truck,-0.06,-1.28,1.11
nairobi_a8_mombasa,Kyumbi,45.5,47.0,1.5,truck,-0.06,-0.99,0.86
pretoria_n4_lekubu,Swartruggens,162.0,163.5,1.5,truck,-0.06,-1.26,0.93
dar_es_salaam_t1_tunduma,Kingolwira,184.5,187.0,2.5,truck,-0.09,-1.24,0.92
kigali_nr1_huye,Kigoma,87.5,89.5,2.0,truck,-0.1,-1.32,1.19
nairobi_a8_malaba,Kampi Somali,117.5,119.0,1.5,truck,-0.1,-0.89,0.86
dar_es_salaam_t1_tunduma,Mlandizi,62.5,64.0,1.5,truck,-0.14,-1.4,0.9
dodoma_t3_rusomo,Chikuyu,84.5,86.0,1.5,truck,-0.14,-1.21,0.91
gaborone_a12_326_km,Letlhakeng,111.5,113.0,1.5,truck,-0.14,-1.34,0.52
harare_a4_beitbridge,Chivhu,136.0,137.5,1.5,truck,-0.14,-1.31,0.78
harare_r2_plumtree,Chegutu,107.0,108.5,1.5,truck,-0.14,-1.32,1.07
kampala_a6_elegu,Kyamukonda,143.0,144.5,1.5,truck,-0.14,-1.36,0.87
lusaka_t1_livingstone,Kalomo,343.5,345.0,1.5,truck,-0.14,-1.25,0.72
windhoek_b2_walvis_bay,Karibib,182.0,183.5,1.5,truck,-0.14,-1.11,0.99
windhoek_b2_walvis_bay,Usakos,213.5,215.0,1.5,truck,-0.14,-1.26,0.7
nairobi_a8_malaba,Uplands,41.0,43.0,2.0,truck,-0.16,-1.28,0.79
pretoria_n1_beitbridge,km 370,370.0,372.5,2.5,truck,-0.16,-1.61,0.93
lusaka_t4_234_km,Waterfalls,15.5,17.5,2.0,truck,-0.17,-1.52,0.67
dodoma_t3_morogoro,Pandambili,110.5,112.0,1.5,truck,-0.19,-1.38,0.85
dodoma_t5_iringa,km 28,27.5,29.5,2.0,truck,-0.2,-1.51,0.84
dar_es_salaam_t1_tunduma,Mindu,206.0,208.5,2.5,truck,-0.21,-1.46,0.95
dar_es_salaam_t7_lindi,Kibiti,134.0,135.5,1.5,truck,-0.24,-1.39,0.88
kampala_a9_hoima,Kiboga,116.5,118.0,1.5,truck,-0.24,-1.46,0.74
pretoria_n14_springbok,Zwartkop,16.0,17.5,1.5,truck,-0.25,-1.42,0.69
kampala_a6_elegu,Bombo,29.5,31.0,1.5,truck,-0.28,-1.51,0.94
kigali_road_rusumo,Kabuga,15.0,17.0,2.0,truck,-0.28,-1.71,0.85
lusaka_t2_nakonde,km 209,209.0,210.5,1.5,truck,-0.28,-1.19,0.45
nairobi_a8_malaba,km 368,367.5,369.5,2.0,truck,-0.3,-1.43,0.48
harare_r5_mutare,Marondera,73.0,74.5,1.5,truck,-0.31,-1.44,0.66
lusaka_t2_chirundu,Chilanga,17.5,19.0,1.5,truck,-0.31,-1.65,0.67
johannesburg_n12_de_rust,Stilfontein,152.0,155.5,3.5,truck,-0.33,-1.73,0.72
dar_es_salaam_t1_tunduma,Mwashiwawala,846.5,848.0,1.5,truck,-0.35,-1.26,0.33
nairobi_a2_moyale,Gacharu,104.5,106.5,2.0,truck,-0.35,-1.35,0.61
kigali_road_rusumo,Nstinda,54.0,56.0,2.0,truck,-0.36,-1.63,0.35
nairobi_a8_malaba,Amagoro,431.5,434.0,2.5,truck,-0.36,-1.47,0.88
maputo_n1_pemba,Palmeira,97.0,98.5,1.5,truck,-0.37,-1.24,0.45
dodoma_t3_morogoro,Mitumba,18.5,20.0,1.5,truck,-0.39,-1.4,0.59
dar_es_salaam_road_dodoma,Msolwa,114.5,116.0,1.5,truck,-0.4,-1.38,0.56
johannesburg_r29_evander,Kinross,118.0,119.5,1.5,truck,-0.41,-1.41,0.55
dar_es_salaam_road_dodoma,Mikese,163.5,165.0,1.5,truck,-0.44,-1.49,0.51
nairobi_a8_mombasa,Athi River,22.0,23.5,1.5,truck,-0.44,-1.56,0.48
kampala_a2_katuna,Kyabakuza Trading Centre,128.5,131.5,3.0,truck,-0.46,-1.78,0.79
nairobi_a8_malaba,Line,80.0,81.5,1.5,truck,-0.46,-1.37,0.52
maputo_n1_pemba,km 66,66.0,67.5,1.5,truck,-0.5,-1.35,0.17
nairobi_a8_malaba,Ika Imwe,64.5,66.0,1.5,truck,-0.63,-1.72,0.28
pretoria_n1_cape_town,Rivonia Gardens,35.5,37.0,1.5,truck,-0.71,-1.98,0.15
dar_es_salaam_t1_tunduma,km 860,860.5,862.5,2.0,truck,-0.9,-2.19,-0.19
johannesburg_r24_rustenburg,Mindalore,20.0,34.0,14.0,car,35.45,23.97,47.72
johannesburg_n12_de_rust,Klerksdorp,158.5,167.5,9.0,car,28.01,17.8,38.44
johannesburg_r29_evander,Boksburg,20.0,30.5,10.5,car,26.1,17.36,35.85
nairobi_a8_malaba,Eldoret,305.5,324.5,19.0,car,19.74,14.57,27.23
johannesburg_n12_de_rust,Potchefstroom,113.5,117.5,4.0,car,19.08,11.06,26.42
dar_es_salaam_t1_tunduma,Iwambi,824.0,843.5,19.5,car,11.62,6.46,19.73
dar_es_salaam_road_dodoma,Kwa Mathias,31.0,51.0,20.0,car,9.44,2.87,14.33
johannesburg_r25_groblersdal,Houtkapper Park,20.5,24.0,3.5,car,8.0,5.0,11.0
nairobi_a2_moyale,Juja,19.5,32.0,12.5,car,7.38,3.44,10.16
johannesburg_r29_evander,Springs,42.0,50.5,8.5,car,6.24,2.91,9.1
nairobi_a8_malaba,Nakuru,154.0,162.5,8.5,car,6.2,3.15,8.93
dar_es_salaam_t1_tunduma,"Bamba, Kongowe",43.5,56.0,12.5,car,5.72,1.02,9.32
harare_a1_chirundu,Chinhoyi,111.0,113.5,2.5,car,5.67,3.25,8.03
dar_es_salaam_road_dodoma,Magereza,185.5,196.5,11.0,car,5.27,1.96,10.45
kampala_a1_malaba,Jinja,76.5,87.0,10.5,car,5.22,2.69,8.98
dar_es_salaam_t1_tunduma,Iringa,497.0,506.0,9.0,car,4.65,1.15,8.12
kigali_nr2_gisenyi,Musanze,85.0,94.0,9.0,car,4.54,1.49,8.22
dar_es_salaam_t1_tunduma,km 191,191.0,199.5,8.5,car,4.4,1.32,7.81
gaborone_a1_ramokgwebana,Francistown,428.5,431.5,3.0,car,4.24,1.74,5.94
gaborone_a12_326_km,Molepolole,46.0,54.5,8.5,car,3.67,1.17,6.49
maputo_n1_pemba,km 69,69.0,79.5,10.5,car,3.63,0.6,6.76
pretoria_n4_lebombo,Malalane,373.5,375.0,1.5,car,3.5,1.39,4.95
kampala_a1_malaba,Iganga,112.5,119.0,6.5,car,3.43,1.44,6.01
lusaka_t1_livingstone,Mazabuka,120.0,122.0,2.0,car,3.08,1.36,4.68
windhoek_b2_walvis_bay,Swakopmund,361.0,364.0,3.0,car,3.07,1.52,4.63
gaborone_a1_ramokgwebana,Mahalapye,192.0,197.5,5.5,car,2.99,0.51,5.27
kampala_a2_katuna,Mbarara,261.0,267.0,6.0,car,2.84,0.54,5.24
dar_es_salaam_t7_lindi,Vikindu,20.5,27.5,7.0,car,2.69,0.61,4.84
nairobi_a8_malaba,Limuru,26.0,32.5,6.5,car,2.64,0.5,4.74
kampala_a1_malaba,Njeru,69.0,75.0,6.0,car,2.34,0.62,4.06
johannesburg_r59_dealesville,Parys,117.0,120.0,3.0,car,2.17,0.63,3.63
kigali_nr2_gisenyi,Mahoko,136.5,142.0,5.5,car,1.99,0.26,3.93
kampala_a6_elegu,Luweero,57.0,61.0,4.0,car,1.92,0.26,3.76
kampala_a6_elegu,Gulu,326.0,330.0,4.0,car,1.92,0.58,3.69
dar_es_salaam_t1_tunduma,Mafinga,565.0,572.0,7.0,car,1.89,0.08,3.74
dar_es_salaam_t1_tunduma,Kibaha,36.0,42.0,6.0,car,1.84,0.27,3.59
nairobi_a2_namanga,Kitengela,25.5,30.5,5.0,car,1.77,0.19,3.48
harare_a4_beitbridge,Masvingo,286.0,291.0,5.0,car,1.74,0.27,3.29
nairobi_a8_malaba,Annbell A,145.5,150.0,4.5,car,1.71,0.01,3.32
lusaka_t4_234_km,Chongwe,43.5,47.5,4.0,car,1.67,-0.02,3.72
nairobi_a2_namanga,Athi River,19.0,24.0,5.0,car,1.61,0.3,2.98
nairobi_a8_mombasa,Athi River,25.0,30.5,5.5,car,1.46,-0.39,2.94
kigali_road_rusumo,Nyakarambi,133.5,138.0,4.5,car,1.39,-0.32,2.85
kampala_a2_katuna,Kayirikiti,119.5,123.5,4.0,car,1.37,0.0,2.94
dar_es_salaam_road_dodoma,Ugindoni,52.5,56.0,3.5,car,1.33,-0.23,2.55
dar_es_salaam_t7_lindi,Mkuranga,40.0,43.5,3.5,car,1.33,-0.28,2.51
kampala_a2_katuna,Kabale,400.0,403.5,3.5,car,1.33,-0.29,2.77
lusaka_t1_livingstone,Monze,181.0,184.5,3.5,car,1.22,-0.31,2.57
johannesburg_n3_durban,Epworth,490.0,491.5,1.5,car,1.21,0.15,2.29
dar_es_salaam_t1_tunduma,Uyole,817.5,821.0,3.5,car,1.18,0.31,2.98
lusaka_t1_livingstone,Choma,279.0,283.0,4.0,car,1.18,-0.05,2.82
lusaka_t2_chirundu,Kafue,42.0,45.0,3.0,car,1.18,-0.18,2.3
maputo_n1_pemba,km 60,59.5,64.5,5.0,car,1.15,-0.52,2.75
dar_es_salaam_t1_tunduma,Chalinze,109.0,112.0,3.0,car,1.04,-0.34,2.2
kampala_a6_elegu,Bweyale,216.5,220.5,4.0,car,1.03,-0.14,2.12
nairobi_a2_moyale,Nanyuki,190.0,194.0,4.0,car,1.02,-0.47,2.24
kampala_a1_malaba,Batambogwe,103.5,107.0,3.5,car,1.0,-0.6,2.39
kampala_a2_katuna,Lukaya,98.5,101.5,3.0,car,1.0,-0.61,2.11
kampala_a6_elegu,Kigumba,195.5,198.5,3.0,car,1.0,-0.43,2.34
windhoek_b1_797_km,Rehoboth,89.5,93.5,4.0,car,1.0,-0.48,2.73
kigali_nr1_huye,Huye,122.0,125.5,3.5,car,0.99,-0.43,2.68
dar_es_salaam_road_dodoma,Mkambarani,170.0,173.5,3.5,car,0.98,-0.35,2.54
dar_es_salaam_road_dodoma,Kilongo,199.5,203.5,4.0,car,0.96,-0.53,2.19
dar_es_salaam_t1_tunduma,Maili 35,57.5,61.0,3.5,car,0.94,-0.57,2.08
kampala_a5_bwera,Fort Portal,287.0,289.5,2.5,car,0.92,-0.11,2.2
nairobi_a2_moyale,Karatina,122.5,125.0,2.5,car,0.92,-0.33,2.11
kampala_a1_malaba,Lugazi,42.0,45.0,3.0,car,0.87,-0.3,2.07
nairobi_a2_namanga,Mlolongo,15.0,17.0,2.0,car,0.83,-0.41,2.1
windhoek_b6_buitepos,Gobabis,208.0,210.0,2.0,car,0.79,-0.42,2.12
gaborone_a1_121_km,Lobatse,74.0,77.0,3.0,car,0.72,-0.66,1.85
dar_es_salaam_road_dodoma,Chalinze,104.0,106.5,2.5,car,0.71,-0.55,1.68
dar_es_salaam_t1_tunduma,Ihemi,532.5,535.0,2.5,car,0.67,-0.58,1.79
kampala_a2_katuna,Ntungamo,324.5,327.0,2.5,car,0.67,-0.57,1.9
nairobi_a8_malaba,Kanduyi,405.0,408.0,3.0,car,0.64,-0.66,1.75
gaborone_a1_ramokgwebana,km 266,265.5,267.5,2.0,car,0.62,-0.65,1.54
johannesburg_n12_emalahleni,Benoni,24.5,26.0,1.5,car,0.62,-0.49,1.48
dodoma_t3_rusomo,Manyoni,122.0,125.0,3.0,car,0.6,-0.58,1.67
kampala_a2_katuna,Kayabwe Trc,74.5,77.5,3.0,car,0.59,-0.8,1.83
maputo_n1_pemba,Maluana,54.5,58.0,3.5,car,0.55,-0.99,1.94
lusaka_t1_livingstone,Kafue,39.0,41.0,2.0,car,0.52,-0.67,1.37
kampala_a1_malaba,Kayanja,31.5,35.0,3.5,car,0.49,-1.16,1.77
nairobi_a8_mombasa,Mlolongo,18.5,20.0,1.5,car,0.45,-0.52,1.59
lusaka_t2_nakonde,km 20,19.5,22.0,2.5,car,0.43,-0.72,1.37
kampala_a5_bwera,Kasese,361.5,363.5,2.0,car,0.42,-1.02,1.32
kampala_a2_katuna,Kyabakuza Trading Centre,128.5,131.5,3.0,car,0.41,-0.85,1.21
johannesburg_n12_de_rust,km 27,27.0,28.5,1.5,car,0.37,-0.63,1.36
kigali_road_rusumo,Ruramira,75.5,79.0,3.5,car,0.35,-0.73,1.34
dar_es_salaam_road_dodoma,Mitumba,429.0,432.0,3.0,car,0.34,-0.76,1.33
kampala_a1_malaba,Wandago,94.5,97.5,3.0,car,0.34,-0.86,1.56
kampala_a2_katuna,Kataba,22.0,24.0,2.0,car,0.34,-0.61,1.48
dar_es_salaam_t1_tunduma,Msolwa,119.5,121.5,2.0,car,0.33,-1.05,1.42
dar_es_salaam_t1_tunduma,Mikese,168.5,170.5,2.0,car,0.33,-0.89,1.31
kampala_a6_elegu,Wobulenzi,43.5,45.5,2.0,car,0.33,-0.82,1.37
kampala_a6_elegu,Kasaala,63.5,65.5,2.0,car,0.33,-0.75,1.18
kigali_nr1_huye,Muhanga,48.5,50.5,2.0,car,0.33,-0.99,1.46
kigali_road_rusumo,Kabuga,15.0,17.0,2.0,car,0.33,-0.74,1.28
kigali_road_rusumo,Kayonza,67.5,69.5,2.0,car,0.33,-0.78,1.2
dar_es_salaam_t1_tunduma,Mkambarani,175.0,178.0,3.0,car,0.31,-0.94,1.41
pretoria_n1_beitbridge,km 370,370.0,372.5,2.5,car,0.29,-1.06,1.21
kampala_a2_katuna,Buwama B,62.5,65.0,2.5,car,0.22,-0.76,1.12
kampala_a1_malaba,Mbalala,28.0,29.5,1.5,car,0.17,-0.65,1.2
nairobi_a2_moyale,Gacharu,104.5,106.5,2.0,car,0.12,-0.98,0.96
pretoria_n14_springbok,Zwartkop,16.0,17.5,1.5,car,0.12,-0.84,0.85
windhoek_b2_walvis_bay,Usakos,213.5,215.0,1.5,car,0.12,-0.87,1.07
kigali_nr1_huye,Muhanga,44.5,46.5,2.0,car,0.1,-1.05,0.86
kigali_nr2_gisenyi,Base,43.5,45.5,2.0,car,0.1,-0.98,0.98
kigali_nr1_huye,Kigoma,87.5,89.5,2.0,car,0.09,-1.04,0.82
kigali_road_rusumo,Nstinda,54.0,56.0,2.0,car,0.09,-0.99,1.2
pretoria_n4_lekubu,Swartruggens,162.0,163.5,1.5,car,0.08,-0.87,0.91
gaborone_a12_326_km,Letlhakeng,111.5,113.0,1.5,car,0.04,-0.86,0.61
nairobi_a8_malaba,Leseru,330.0,332.5,2.5,car,0.04,-1.2,1.01
dar_es_salaam_road_dodoma,Mikese,163.5,165.0,1.5,car,0.0,-1.12,0.79
dar_es_salaam_t1_tunduma,Mlandizi,62.5,64.0,1.5,car,0.0,-1.15,0.98
dar_es_salaam_t1_tunduma,Kingolwira,184.5,187.0,2.5,car,-0.0,-1.26,0.95
dar_es_salaam_t1_tunduma,km 860,860.5,862.5,2.0,car,0.0,-1.14,0.74
dar_es_salaam_t7_lindi,Kibiti,134.0,135.5,1.5,car,0.0,-1.18,0.85
dar_es_salaam_t7_lindi,Ikwiriri,162.5,164.0,1.5,car,0.0,-0.85,1.04
dodoma_t3_morogoro,Pandambili,110.5,112.0,1.5,car,0.0,-1.0,0.86
dodoma_t3_rusomo,Chikuyu,84.5,86.0,1.5,car,0.0,-1.13,0.66
harare_a4_beitbridge,Chivhu,136.0,137.5,1.5,car,0.0,-1.13,0.73
harare_r2_plumtree,Chegutu,107.0,108.5,1.5,car,0.0,-1.12,0.72
harare_r2_plumtree,Kadoma,140.5,142.0,1.5,car,0.0,-1.02,0.83
harare_r5_mutare,Marondera,73.0,74.5,1.5,car,0.0,-1.22,0.67
kampala_a1_malaba,Bugiri,148.0,149.5,1.5,car,0.0,-1.13,0.93
kampala_a2_katuna,Kyazanga,176.0,177.5,1.5,car,0.0,-0.92,1.01
kampala_a5_bwera,Mubende,142.0,143.5,1.5,car,0.0,-0.84,0.94
kampala_a6_elegu,Bombo,29.5,31.0,1.5,car,0.0,-1.0,0.76
kampala_a6_elegu,Migyera,135.5,137.0,1.5,car,0.0,-1.09,0.84
kampala_a6_elegu,Kyamukonda,143.0,144.5,1.5,car,0.0,-1.21,0.72
kampala_a6_elegu,Atiak,397.5,399.0,1.5,car,0.0,-1.05,0.79
kampala_a9_hoima,Kiboga,116.5,118.0,1.5,car,0.0,-1.13,0.96
kigali_nr2_gisenyi,Byangabo,103.5,105.0,1.5,car,0.0,-1.11,0.93
kigali_road_rusumo,Kurusozi,146.5,148.0,1.5,car,0.0,-1.05,0.83
lusaka_t1_livingstone,Kalomo,343.5,345.0,1.5,car,0.0,-1.12,0.7
lusaka_t2_chirundu,Chilanga,17.5,19.0,1.5,car,0.0,-1.27,0.81
maputo_n1_pemba,Macia,146.5,148.0,1.5,car,0.0,-1.11,0.88
nairobi_a8_malaba,Kampi Somali,117.5,119.0,1.5,car,0.0,-1.08,0.89
nairobi_a8_mombasa,Kyumbi,45.5,47.0,1.5,car,0.0,-0.98,0.74
nairobi_a8_mombasa,Emali,122.5,124.0,1.5,car,0.0,-1.12,1.09
nairobi_a8_mombasa,Maungu,359.0,360.5,1.5,car,0.0,-1.03,0.83
windhoek_b2_walvis_bay,Karibib,182.0,183.5,1.5,car,0.0,-1.05,0.83
johannesburg_n12_de_rust,Stilfontein,152.0,155.5,3.5,car,-0.01,-1.24,0.94
dar_es_salaam_t1_tunduma,Mindu,206.0,208.5,2.5,car,-0.02,-1.03,0.77
lusaka_t4_234_km,Waterfalls,15.5,17.5,2.0,car,-0.02,-1.34,0.82
dodoma_t5_iringa,km 28,27.5,29.5,2.0,car,-0.04,-1.35,0.81
nairobi_a8_malaba,Uplands,41.0,43.0,2.0,car,-0.04,-1.15,0.84
nairobi_a8_malaba,Amagoro,431.5,434.0,2.5,car,-0.08,-1.13,0.74
lusaka_t2_nakonde,km 209,209.0,210.5,1.5,car,-0.2,-1.18,0.62
nairobi_a8_mombasa,Athi River,22.0,23.5,1.5,car,-0.26,-1.3,0.53
pretoria_n1_cape_town,Rivonia Gardens,35.5,37.0,1.5,car,-0.26,-1.31,0.39
dar_es_salaam_t1_tunduma,Mwashiwawala,846.5,848.0,1.5,car,-0.27,-1.16,0.51
dodoma_t3_morogoro,Mitumba,18.5,20.0,1.5,car,-0.28,-1.24,0.54
maputo_n1_pemba,Palmeira,97.0,98.5,1.5,car,-0.29,-1.32,0.43
nairobi_a8_malaba,Ika Imwe,64.5,66.0,1.5,car,-0.31,-1.33,0.51
johannesburg_r29_evander,Kinross,118.0,119.5,1.5,car,-0.32,-1.54,0.54
nairobi_a8_malaba,km 368,367.5,369.5,2.0,car,-0.32,-1.51,0.22
dar_es_salaam_road_dodoma,Msolwa,114.5,116.0,1.5,car,-0.34,-1.36,0.38
nairobi_a8_malaba,Line,80.0,81.5,1.5,car,-0.36,-1.36,0.23
maputo_n1_pemba,km 66,66.0,67.5,1.5,car,-0.39,-1.42,0.33
