kind,name,mode,case,km,buildings,benefit_central,benefit_p5,benefit_p95,cost_central,cost_p5,cost_p95,capex_central,capex_p5,capex_p95,bcr_central,bcr_p5,bcr_p95,npv_central,npv_p5,npv_p95,p_bcr_gt1
line,Northern Bypass (M20),BRT,roads as assumed,38.6,20,0.0,0.0,0.0,436.53100803944807,309.8920527379231,771.768082345653,386.6,271.47786121666473,662.6729307526614,0.0,0.0,0.0,-436.53100803944807,-771.768082345653,-309.8920527379231,0.0
line,Northern Bypass (M20),BRT,roads 1.5x slower,38.6,20,0.0,0.0,0.0,436.53100803944807,309.8920527379231,771.768082345653,386.6,271.47786121666473,662.6729307526614,0.0,0.0,0.0,-436.53100803944807,-771.768082345653,-309.8920527379231,0.0
line,Northern Bypass (M20),BRT,roads 2x slower,38.6,20,0.0,0.0,0.0,436.53100803944807,309.8920527379231,771.768082345653,386.6,271.47786121666473,662.6729307526614,0.0,0.0,0.0,-436.53100803944807,-771.768082345653,-309.8920527379231,0.0
line,Northern Bypass (M20),BRT,roads 3x slower,38.6,20,302.6735281056424,199.53860611187753,576.3729049852791,436.53100803944807,309.8920527379231,771.768082345653,386.6,271.47786121666473,662.6729307526614,0.6933608896765717,0.33736485034172525,1.3382304503544031,-133.85747993380568,-462.70092232007465,124.41511515276544,0.181
line,Northern Bypass (M20),light rail,roads as assumed,38.6,20,0.0,0.0,0.0,1451.1620302364017,915.9598798102236,2221.8214722079983,1351.6,848.1863051278168,2022.5643953044569,0.0,0.0,0.0,-1451.1620302364017,-2221.8214722079983,-915.9598798102237,0.0
line,Northern Bypass (M20),light rail,roads 1.5x slower,38.6,20,0.0,0.0,0.0,1451.1620302364017,915.9598798102236,2221.8214722079983,1351.6,848.1863051278168,2022.5643953044569,0.0,0.0,0.0,-1451.1620302364017,-2221.8214722079983,-915.9598798102237,0.0
line,Northern Bypass (M20),light rail,roads 2x slower,38.6,20,41.227495905253996,27.179374152424156,78.5083906376052,1451.1620302364017,915.9598798102236,2221.8214722079983,1351.6,848.1863051278168,2022.5643953044569,0.02840998802768966,0.015557690123248497,0.06166321500843015,-1409.9345343311477,-2171.5067181111826,-864.3623678434999,0.0
line,Northern Bypass (M20),light rail,roads 3x slower,38.6,20,482.19774545312566,317.89058858303565,918.2359523267115,1451.1620302364017,915.9598798102236,2221.8214722079983,1351.6,848.1863051278168,2022.5643953044569,0.332283876924876,0.1819631034377897,0.7212143886397697,-968.9642847832761,-1704.752925675131,-286.47406595238266,0.0105
line,Jinja Road (A1),BRT,roads as assumed,25.5,295,0.0,0.0,0.0,295.57133666552517,212.93438347614816,515.5643942933491,263.85,188.3426742452124,448.44513272028473,0.0,0.0,0.0,-295.57133666552517,-515.5643942933491,-212.93438347614816,0.0
line,Jinja Road (A1),BRT,roads 1.5x slower,25.5,295,58.517445490564015,38.577835265261335,111.43316781222453,295.57133666552517,212.93438347614816,515.5643942933491,263.85,188.3426742452124,448.44513272028473,0.19798078579176845,0.09692380350914795,0.3818750941101691,-237.05389117496117,-450.23299877402127,-137.24535231144773,0.0
line,Jinja Road (A1),BRT,roads 2x slower,25.5,295,271.16402007521316,178.76585022861985,516.3702123420803,295.57133666552517,212.93438347614816,515.5643942933491,263.85,188.3426742452124,448.44513272028473,0.9174232628046344,0.4491352618042536,1.7695711905642133,-24.407316590312007,-248.88983928498888,199.58111517707727,0.3985
line,Jinja Road (A1),BRT,roads 3x slower,25.5,295,797.2111874442863,525.5643270656487,1518.107417156253,295.57133666552517,212.93438347614816,515.5643942933491,263.85,188.3426742452124,448.44513272028473,2.6971870697544245,1.3204393978476754,5.202467310027347,501.6398507787612,140.89502702106685,1170.1015105535582,0.9895
line,Jinja Road (A1),light rail,roads as assumed,25.5,295,0.0,0.0,0.0,965.8586699821658,612.6309779370683,1474.2160058882585,901.35,569.6759184637009,1346.408771212007,0.0,0.0,0.0,-965.8586699821658,-1474.2160058882587,-612.6309779370683,0.0
line,Jinja Road (A1),light rail,roads 1.5x slower,25.5,295,138.89449430945092,91.56669221977229,264.49297919327086,965.8586699821658,612.6309779370683,1474.2160058882585,901.35,569.6759184637009,1346.408771212007,0.14380415957959516,0.07876523060032263,0.31111811769020137,-826.9641756727149,-1320.1659834923062,-438.6302490625905,0.0
line,Jinja Road (A1),light rail,roads 2x slower,25.5,295,371.4902773465791,244.90629421671363,707.4187546831034,965.8586699821658,612.6309779370683,1474.2160058882585,901.35,569.6759184637009,1346.408771212007,0.384621776344813,0.2106672226747156,0.8321233782728432,-594.3683926355867,-1082.5470195816622,-118.08470652254843,0.0195
line,Jinja Road (A1),light rail,roads 3x slower,25.5,295,912.0882296231518,601.2974280543336,1736.864620441104,965.8586699821658,612.6309779370683,1474.2160058882585,901.35,569.6759184637009,1346.408771212007,0.9443288733329828,0.5172331710575171,2.0430411916509956,-53.770440359013946,-644.1202190443186,837.4811110819483,0.52
line,Entebbe Road (A3),BRT,roads as assumed,23.7,303,0.0,0.0,0.0,275.44287348388303,198.38626646691552,479.6942625763213,246.09,175.89928251967487,417.99644957447885,0.0,0.0,0.0,-275.44287348388303,-479.69426257632136,-198.38626646691552,0.0
line,Entebbe Road (A3),BRT,roads 1.5x slower,23.7,303,162.14677743415584,106.89584304660953,308.7716647327894,275.44287348388303,198.38626646691552,479.6942625763213,246.09,175.89928251967487,417.99644957447885,0.5886766115357256,0.28838374197082794,1.1354083795541388,-113.2960960497272,-313.6639325363513,27.76835220624397,0.1
line,Entebbe Road (A3),BRT,roads 2x slower,23.7,303,405.4885499322923,267.3197770357234,772.1607334658313,275.44287348388303,198.38626646691552,479.6942625763213,246.09,175.89928251967487,417.99644957447885,1.472133022733727,0.7211756360886331,2.839372479008024,130.04567644840927,-111.6496082756895,456.39254810392725,0.811
line,Entebbe Road (A3),BRT,roads 3x slower,23.7,303,945.585697218946,623.3807533922852,1800.6529300057894,275.44287348388303,198.38626646691552,479.6942625763213,246.09,175.89928251967487,417.99644957447885,3.432964829544864,1.6817573931053167,6.6213213805307305,670.1428237350631,269.33163569020417,1473.7241006306645,0.9985
line,Entebbe Road (A3),light rail,roads as assumed,23.7,303,29.898812840325782,19.71089931748576,56.93548993281942,898.4158068017019,570.1226545232055,1370.611230537383,838.59,530.2898887587846,1252.1107382409155,0.03327948218850187,0.018228435119001463,0.07200859327332061,-868.5169939613761,-1336.7435614320996,-533.9773151639631,0.0
line,Entebbe Road (A3),light rail,roads 1.5x slower,23.7,303,237.18137795971705,156.36267185301324,451.6579982354431,898.4158068017019,570.1226545232055,1370.611230537383,838.59,530.2898887587846,1252.1107382409155,0.2639995602972151,0.1446025761177665,0.5712299504571531,-661.2344288419849,-1108.277674309312,-268.05012464307964,0.001
line,Entebbe Road (A3),light rail,roads 2x slower,23.7,303,490.710427958544,323.50260497586436,934.4464203368271,898.4158068017019,570.1226545232055,1370.611230537383,838.59,530.2898887587846,1252.1107382409155,0.546195229695968,0.2991718516059414,1.181831794143532,-407.7053788431579,-879.479870406889,132.76559477090407,0.116
line,Entebbe Road (A3),light rail,roads 3x slower,23.7,303,1039.0748952453791,685.0138416159792,1978.6818477921904,898.4158068017019,570.1226545232055,1370.611230537383,838.59,530.2898887587846,1252.1107382409155,1.156563461349165,0.6334936913019336,2.5025181404970938,140.6590884436772,-435.99550821233777,1116.0187818257068,0.698
line,Nansana - Busunju Road (A9),BRT,roads as assumed,18.4,248,0.0,0.0,0.0,214.17148630463186,154.32794617855714,372.6522264409186,191.44,136.89403082506976,325.0544363049237,0.0,0.0,0.0,-214.17148630463186,-372.6522264409186,-154.32794617855714,0.0
line,Nansana - Busunju Road (A9),BRT,roads 1.5x slower,18.4,248,124.83108016038162,82.295336135074,237.7124050286185,214.17148630463186,154.32794617855714,372.6522264409186,191.44,136.89403082506976,325.0544363049237,0.5828557401092375,0.28563924578615957,1.1241476239862773,-89.34040614425024,-244.87237845198467,19.60520719673822,0.096
line,Nansana - Busunju Road (A9),BRT,roads 2x slower,18.4,248,330.10328501666027,217.6217714757868,628.6066393749128,214.17148630463186,154.32794617855714,372.6522264409186,191.44,136.89403082506976,325.0544363049237,1.5413036100759467,0.7553443681056768,2.972695766509252,115.93179871202841,-75.35226362267568,380.9454694584186,0.8365
line,Nansana - Busunju Road (A9),BRT,roads 3x slower,18.4,248,767.3019948940582,505.84658488727996,1461.1521614263156,214.17148630463186,154.32794617855714,372.6522264409186,191.44,136.89403082506976,325.0544363049237,3.582652425555231,1.755745146402364,6.9098233655583,553.1305085894264,233.0229185889466,1206.1253593658291,0.9985
line,Nansana - Busunju Road (A9),light rail,roads as assumed,18.4,248,15.926858018259862,10.499838121278072,30.329079258191644,697.8297974036981,443.0084299173008,1064.3057719467834,651.44,412.0939746211275,972.3825947411156,0.022823413499274945,0.012501409011881215,0.04938773267744246,-681.9029393854382,-1046.7920566303649,-424.77826564922566,0.0
line,Nansana - Busunju Road (A9),light rail,roads 1.5x slower,18.4,248,194.13884619348636,127.98672881658695,369.6932845477479,697.8297974036981,443.0084299173008,1064.3057719467834,651.44,412.0939746211275,972.3825947411156,0.2782037209012673,0.15238467741578082,0.6020068382049026,-503.6909512102117,-852.7922778976822,-194.43054460530772,0.002
line,Nansana - Busunju Road (A9),light rail,roads 2x slower,18.4,248,402.8364262204431,265.5713549916458,767.1103669612149,697.8297974036981,443.0084299173008,1064.3057719467834,651.44,412.0939746211275,972.3825947411156,0.5772703139350185,0.316196887251243,1.2491589808926564,-294.99337118325496,-664.1362048733749,143.50818269243223,0.142
line,Nansana - Busunju Road (A9),light rail,roads 3x slower,18.4,248,843.8374116701964,556.3028321755198,1606.8964581859757,697.8297974036981,443.0084299173008,1064.3057719467834,651.44,412.0939746211275,972.3825947411156,1.2092309826976795,0.6623501390369583,2.6166627757347203,146.0076142664983,-308.2001391414672,934.0033369543048,0.7315
line,Kampala - Masaka Road (A2),BRT,roads as assumed,25.4,262,0.0,0.0,0.0,293.5997960345439,211.2145335849181,512.9651703719435,261.86,186.8462143862602,445.35348199763706,0.0,0.0,0.0,-293.5997960345439,-512.9651703719435,-211.21453358491812,0.0
line,Kampala - Masaka Road (A2),BRT,roads 1.5x slower,25.4,262,98.34110464564742,64.83172501840266,187.26827059778304,293.5997960345439,211.2145335849181,512.9651703719435,261.86,186.8462143862602,445.35348199763706,0.3349494991954183,0.16386639825639063,0.6461015200770441,-195.25869138889647,-406.9755326184633,-81.1991362625025,0.004
line,Kampala - Masaka Road (A2),BRT,roads 2x slower,25.4,262,306.59990601086406,202.12708479113277,583.849798830164,293.5997960345439,211.2145335849181,512.9651703719435,261.86,186.8462143862602,445.35348199763706,1.0442783344944513,0.5108893426078865,2.014362824608213,13.000109976320175,-216.09209364071498,261.3723528874838,0.5265
line,Kampala - Masaka Road (A2),BRT,roads 3x slower,25.4,262,827.6228769822307,545.6133421806759,1576.0195641292696,293.5997960345439,211.2145335849181,512.9651703719435,261.86,186.8462143862602,445.35348199763706,2.81888096708642,1.3790731805825058,5.437486194562721,534.0230809476868,161.46110707056235,1231.0186605009774,0.991
line,Kampala - Masaka Road (A2),light rail,roads as assumed,25.4,262,9.53790244873308,6.287896307823108,18.16276625263289,961.2585515734722,609.4151598965856,1467.9293038888538,896.86,566.5289331968672,1339.509474948777,0.009922306993389661,0.005434576663230002,0.021465900625456558,-951.7206491247391,-1457.354777877376,-599.0034099085851,0.0
line,Kampala - Masaka Road (A2),light rail,roads 1.5x slower,25.4,262,159.48510516851485,105.14112608428808,303.7031151788595,961.2585515734722,609.4151598965856,1467.9293038888538,896.86,566.5289331968672,1339.509474948777,0.16591280764936306,0.09087260383929818,0.3589354616687833,-801.7734464049574,-1289.0780791105872,-410.0984207044794,0.0
line,Kampala - Masaka Road (A2),light rail,roads 2x slower,25.4,262,381.6260626545315,251.58834693819304,726.7200528799273,961.2585515734722,609.4151598965856,1467.9293038888538,896.86,566.5289331968672,1339.509474948777,0.39700667633057984,0.2174457230329666,0.8588835104006087,-579.6324889189407,-1067.047652356401,-101.10279158802842,0.0225
line,Kampala - Masaka Road (A2),light rail,roads 3x slower,25.4,262,921.6029436355267,607.5700373025393,1754.9832295898452,961.2585515734722,609.4151598965856,1467.9293038888538,896.86,566.5289331968672,1339.509474948777,0.9587461584887502,0.5251177475516108,2.0741496687079493,-39.65560793794555,-628.5638654803365,857.3697860217856,0.534
line,Gayaza Road,BRT,roads as assumed,21.1,345,0.0,0.0,0.0,247.14517813886613,178.62270750763096,429.391035591183,221.35,158.84352544464295,374.8403610104183,0.0,0.0,0.0,-247.14517813886613,-429.391035591183,-178.62270750763096,0.0
line,Gayaza Road,BRT,roads 1.5x slower,21.1,345,93.6160176712751,61.71669452820874,178.2704169606572,247.14517813886613,178.62270750763096,429.391035591183,221.35,158.84352544464295,374.8403610104183,0.378789577754473,0.18595458939189696,0.7285978555325147,-153.52916046759103,-328.48153995799885,-53.49986922832517,0.008
line,Gayaza Road,BRT,roads 2x slower,21.1,345,277.3961048675296,182.87437442104877,528.2378006255469,247.14517813886613,178.62270750763096,429.391035591183,221.35,158.84352544464295,374.8403610104183,1.1224014441894796,0.5510069757579601,2.1589276297700235,30.250926728663444,-164.4946030398382,255.50278684383449,0.5955
line,Gayaza Road,BRT,roads 3x slower,21.1,345,728.9139582178024,480.53913438874093,1388.050875184817,247.14517813886613,178.62270750763096,429.391035591183,221.35,158.84352544464295,374.8403610104183,2.9493351385890265,1.447881454201229,5.673015794050002,481.76878007893623,159.05209307654627,1098.6244683170123,0.9925
line,Gayaza Road,light rail,roads as assumed,21.1,345,11.589885245060952,7.640673306549954,22.070300858323648,801.7750892361648,509.98785177401487,1221.4405424294237,748.85,474.1854741230643,1116.618224273053,0.014455282286335941,0.007918225000615335,0.031225969876619852,-790.1852039911039,-1209.4133275991016,-496.25714482341584,0.0
line,Gayaza Road,light rail,roads 1.5x slower,21.1,345,151.42525006608878,99.82763777671305,288.354953982799,801.7750892361648,509.98785177401487,1221.4405424294237,748.85,474.1854741230643,1116.618224273053,0.18886250283773295,0.10345393206621237,0.4079764550851209,-650.349839170076,-1049.8662597650577,-321.4639590744053,0.0
line,Gayaza Road,light rail,roads 2x slower,21.1,345,351.1783635903144,231.5155924141593,668.7393339528488,801.7750892361648,509.98785177401487,1221.4405424294237,748.85,474.1854741230643,1116.618224273053,0.43800109071095616,0.23992552466738304,0.9461599291904067,-450.5967256458504,-860.2191805187317,-36.61295343137565,0.0375
line,Gayaza Road,light rail,roads 3x slower,21.1,345,811.8799590716246,535.2347672333495,1546.0407569773145,801.7750892361648,509.98785177401487,1221.4405424294237,748.85,474.1854741230643,1116.618224273053,1.012603122709994,0.5546774669023639,2.1874020846069713,10.104869835459795,-484.8336784309693,793.145300207935,0.5825
line,Gulu - Kampala Road (A6),BRT,roads as assumed,12.4,220,0.0,0.0,0.0,145.6818582125206,105.44271369638662,252.7119976579458,130.6,93.904240107042,220.87064606659683,0.0,0.0,0.0,-145.6818582125206,-252.7119976579458,-105.44271369638662,0.0
line,Gulu - Kampala Road (A6),BRT,roads 1.5x slower,12.4,220,21.961355868590914,14.478102415405258,41.82040814278692,145.6818582125206,105.44271369638662,252.7119976579458,130.6,93.904240107042,220.87064606659683,0.1507487352100747,0.07405677049054082,0.2889207376725209,-123.7205023439297,-228.18882494854554,-77.66553385622875,0.0
line,Gulu - Kampala Road (A6),BRT,roads 2x slower,12.4,220,99.79542147452959,65.79048859015083,190.03768628034393,145.6818582125206,105.44271369638662,252.7119976579458,130.6,93.904240107042,220.87064606659683,0.6850229856963252,0.3365241503470168,1.3128955680736487,-45.88643673799102,-151.4595849123967,37.68650697525096,0.172
line,Gulu - Kampala Road (A6),BRT,roads 3x slower,12.4,220,282.6593791310057,186.34420680676038,538.2605095686138,145.6818582125206,105.44271369638662,252.7119976579458,130.6,93.904240107042,220.87064606659683,1.940251055273213,0.9531670490910706,3.718629979735711,136.9775209184851,-10.647873021253684,369.6258123135945,0.935
line,Gulu - Kampala Road (A6),light rail,roads as assumed,12.4,220,0.0,0.0,0.0,471.6255026488478,300.2700087122168,718.3038220309704,440.6,279.1322844029792,656.4528982742129,0.0,0.0,0.0,-471.6255026488478,-718.3038220309705,-300.2700087122168,0.0
line,Gulu - Kampala Road (A6),light rail,roads 1.5x slower,12.4,220,48.06448485749063,31.68668357611264,91.52788133577248,471.6255026488478,300.2700087122168,718.3038220309704,440.6,279.1322844029792,656.4528982742129,0.10191239571978233,0.055826362673669305,0.21993224146948454,-423.5610177913572,-665.8641828052685,-238.51452428037055,0.0
line,Gulu - Kampala Road (A6),light rail,roads 2x slower,12.4,220,130.88618692189553,86.28718692761963,249.24297889800448,471.6255026488478,300.2700087122168,718.3038220309704,440.6,279.1322844029792,656.4528982742129,0.27752143636589516,0.15202284517851578,0.5989056691749863,-340.7393157269523,-575.8048473477535,-132.25718480370014,0.002
line,Gulu - Kampala Road (A6),light rail,roads 3x slower,12.4,220,316.3531377622362,208.55693771198563,602.4226107728421,471.6255026488478,300.2700087122168,718.3038220309704,440.6,279.1322844029792,656.4528982742129,0.6707719069165333,0.36744063842630587,1.4475606030158066,-155.27236488661163,-411.2936359021254,176.79737129145778,0.2305
line,Bombo Road (Bwaise I 14302),BRT,roads as assumed,5.6,210,0.0,0.0,0.0,68.61477820484802,50.62375479264054,116.4781340314594,62.3,45.838965184886625,103.47819468339632,0.0,0.0,0.0,-68.61477820484802,-116.47813403145942,-50.62375479264054,0.0
line,Bombo Road (Bwaise I 14302),BRT,roads 1.5x slower,5.6,210,46.552623798453595,30.68998376479059,88.64888575269279,68.61477820484802,50.62375479264054,116.4781340314594,62.3,45.838965184886625,103.47819468339632,0.6784635178659572,0.33686688849746654,1.279978908826936,-22.062154406394427,-70.23964992057707,16.49234327632763,0.1615
line,Bombo Road (Bwaise I 14302),BRT,roads 2x slower,5.6,210,144.59997395991826,95.32805008869227,275.3577677364119,68.61477820484802,50.62375479264054,116.4781340314594,62.3,45.838965184886625,103.47819468339632,2.107417348609916,1.0463630044910692,3.9758213776935967,75.98519575507024,4.932488215330481,195.5292712703265,0.96
line,Bombo Road (Bwaise I 14302),BRT,roads 3x slower,5.6,210,350.31605436170855,230.9471119705925,667.0972621198812,68.61477820484802,50.62375479264054,116.4781340314594,62.3,45.838965184886625,103.47819468339632,5.105548156343916,2.534978044083054,9.632049161133477,281.70127615686056,145.91787272467667,584.9978282349283,1.0
line,Bombo Road (Bwaise I 14302),light rail,roads as assumed,5.6,210,0.0,0.0,0.0,215.81513375673774,138.84276143043377,327.97869119081753,202.3,129.10825567277467,300.62484493796984,0.0,0.0,0.0,-215.81513375673774,-327.97869119081753,-138.84276143043377,0.0
line,Bombo Road (Bwaise I 14302),light rail,roads 1.5x slower,5.6,210,68.89743358926614,45.420879550092174,131.19949469124185,215.81513375673774,138.84276143043377,327.97869119081753,202.3,129.10825567277467,300.62484493796984,0.31924282783118385,0.17516579964860243,0.6869721185895382,-146.9177001674716,-253.98549111540257,-48.076778481325555,0.006
line,Bombo Road (Bwaise I 14302),light rail,roads 2x slower,5.6,210,168.5423655546549,111.11215739301853,320.9506079234035,215.81513375673774,138.84276143043377,327.97869119081753,202.3,129.10825567277467,300.62484493796984,0.7809571211286429,0.42850446960113897,1.6805256728054987,-47.27276820208283,-168.00254526215676,122.54618437155494,0.3455
line,Bombo Road (Bwaise I 14302),light rail,roads 3x slower,5.6,210,375.3482510684537,247.44967719340534,714.7653883162159,215.81513375673774,138.84276143043377,327.97869119081753,202.3,129.10825567277467,300.62484493796984,1.739211910372969,0.954290647995244,3.7425745751659725,159.53311731171596,-12.998356423997388,500.7874846963185,0.935
line,Fort Portal - Kampala Road (A5),BRT,roads as assumed,14.0,368,0.0,0.0,0.0,167.53128919378912,122.61024309668421,287.81246788155187,151.04,109.34179280165283,253.42474425846058,0.0,0.0,0.0,-167.53128919378912,-287.81246788155187,-122.61024309668421,0.0
line,Fort Portal - Kampala Road (A5),BRT,roads 1.5x slower,14.0,368,41.63292187133505,27.44665267083208,79.2804321943582,167.53128919378912,122.61024309668421,287.81246788155187,151.04,109.34179280165283,253.42474425846058,0.24850833579616782,0.12264389749690123,0.4696380950270428,-125.89836732245408,-242.39879931502378,-68.39773365393557,0.0
line,Fort Portal - Kampala Road (A5),BRT,roads 2x slower,14.0,368,110.42548276811038,72.79839452325447,210.28022069126294,167.53128919378912,122.61024309668421,287.81246788155187,151.04,109.34179280165283,253.42474425846058,0.6591334866430681,0.3252957270573543,1.2456491410794623,-57.105806425678736,-177.29038091507095,35.076030213086206,0.1505
line,Fort Portal - Kampala Road (A5),BRT,roads 3x slower,14.0,368,271.14994451671845,178.7565708663318,516.3434086417711,167.53128919378912,122.61024309668421,287.81246788155187,151.04,109.34179280165283,253.42474425846058,1.6185033006166993,0.7987641632353315,3.058693401415989,103.61865532292933,-48.303304693234736,323.8148378732308,0.864
line,Fort Portal - Kampala Road (A5),light rail,roads as assumed,14.0,368,4.013652532808069,2.646014789685862,7.643088526488769,535.5321780735135,341.92835009490375,815.693663956322,501.04,318.38679955524117,745.4238509742129,0.0074946990995882,0.004106670399120364,0.01609340593595922,-531.5185255407054,-810.6844184029738,-337.0829748395361,0.0
line,Fort Portal - Kampala Road (A5),light rail,roads 1.5x slower,14.0,368,62.61485657066827,41.279068176869,119.23575544497673,535.5321780735135,341.92835009490375,815.693663956322,501.04,318.38679955524117,745.4238509742129,0.11692081098826711,0.06406597878666613,0.25106465897998936,-472.9173215028452,-746.2827307001227,-263.4189552014354,0.0
line,Fort Portal - Kampala Road (A5),light rail,roads 2x slower,14.0,368,135.36364832421037,89.23896937364114,257.76928594429137,535.5321780735135,341.92835009490375,815.693663956322,501.04,318.38679955524117,745.4238509742129,0.252764733598564,0.13850075041275528,0.5427630129033189,-400.1685297493031,-666.3439710273088,-170.60516019306777,0.0005
line,Fort Portal - Kampala Road (A5),light rail,roads 3x slower,14.0,368,308.0338942591884,203.0724466734299,586.5805033538611,535.5321780735135,341.92835009490375,815.693663956322,501.04,318.38679955524117,745.4238509742129,0.5751921301298613,0.3151726924888922,1.235113020328936,-227.49828381432508,-509.74253328036366,107.58558262987731,0.141
line,Mbogo Road,BRT,roads as assumed,9.6,384,0.0,0.0,0.0,118.23766369373362,87.50414035530983,200.49597601622358,107.52,79.36655904473162,178.1934374558092,0.0,0.0,0.0,-118.23766369373362,-200.49597601622358,-87.50414035530983,0.0
line,Mbogo Road,BRT,roads 1.5x slower,9.6,384,21.70983760862885,14.312288102807042,41.34144881304805,118.23766369373362,87.50414035530983,200.49597601622358,107.52,79.36655904473162,178.1934374558092,0.18361186216316816,0.09132230702066498,0.3460153664781858,-96.52782608510478,-177.18981586382392,-59.40879007232754,0.0
line,Mbogo Road,BRT,roads 2x slower,9.6,384,63.48729106613728,41.8542237388349,120.89710854615485,118.23766369373362,87.50414035530983,200.49597601622358,107.52,79.36655904473162,178.1934374558092,0.5369464270757744,0.2670589246760509,1.0118720683670823,-54.75037262759634,-136.7528610682698,1.1001926481983406,0.0535
line,Mbogo Road,BRT,roads 3x slower,9.6,384,177.08160475176425,116.74168137984174,337.21164711373615,118.23766369373362,87.50414035530983,200.49597601622358,107.52,79.36655904473162,178.1934374558092,1.4976750996235157,0.7448927517737441,2.8223590369175886,58.84394105803062,-43.49374893220918,201.69171374135942,0.824
line,Mbogo Road,light rail,roads as assumed,9.6,384,1.0847863142290912,0.7151492580975367,2.0657288502688838,370.58113035411594,238.82427583051535,562.6857821888672,347.52,221.9874104686181,516.2974195170311,0.0029272572869333707,0.0016071575631557385,0.0063015793224127665,-369.4963440398869,-561.5537136990197,-237.51780067383984,0.0
line,Mbogo Road,light rail,roads 1.5x slower,9.6,384,32.628476242621375,21.510439679861157,62.13351314502442,370.58113035411594,238.82427583051535,562.6857821888672,347.52,221.9874104686181,516.2974195170311,0.08804678266117491,0.04834049036177453,0.1895404915376882,-337.95265411149455,-526.2589491574053,-196.81095256232493,0.0
line,Mbogo Road,light rail,roads 2x slower,9.6,384,76.5019123029787,50.43415934445869,145.68049510959167,370.58113035411594,238.82427583051535,562.6857821888672,347.52,221.9874104686181,516.2974195170311,0.20643768944704718,0.11334087215230472,0.4444035312485297,-294.0792180511372,-476.98215547188465,-141.48831474777896,0.0
line,Mbogo Road,light rail,roads 3x slower,9.6,384,191.23213351868105,126.07046808797796,364.15811125783176,370.58113035411594,238.82427583051535,562.6857821888672,347.52,221.9874104686181,516.2974195170311,0.5160331108492909,0.28331862752284914,1.110877269150084,-179.3489968354349,-370.30153245390113,32.80421889507686,0.0865
line,Ggaba Road,BRT,roads as assumed,7.5,154,1.092683886891647,0.720355761126119,2.080767981461952,88.64816952202679,64.43017581078894,153.36670818097213,79.62,57.389328455903275,134.3377397032071,0.012326073880410392,0.006066100165028978,0.02346250888434243,-87.55548563513514,-152.03689813997659,-63.20487187377249,0.0
line,Ggaba Road,BRT,roads 1.5x slower,7.5,154,40.47183107788149,26.68119941185334,77.0693988153806,88.64816952202679,64.43017581078894,153.36670818097213,79.62,57.389328455903275,134.3377397032071,0.45654446443843694,0.2246817987578751,0.869025989695556,-48.1763384441453,-111.2239194874113,-8.868316881784668,0.0255
line,Ggaba Road,BRT,roads 2x slower,7.5,154,104.53842089417554,68.9173279239669,199.06965009612463,88.64816952202679,64.43017581078894,153.36670818097213,79.62,57.389328455903275,134.3377397032071,1.1792507556312308,0.5803513164653353,2.244687286422794,15.890251372148754,-54.6132035022864,100.99148999635695,0.6415
line,Ggaba Road,BRT,roads 3x slower,7.5,154,248.23409575349436,163.64921559577655,472.70538583703876,88.64816952202679,64.43017581078894,153.36670818097213,79.62,57.389328455903275,134.3377397032071,2.8002168244637535,1.3780864779654345,5.330173480988295,159.58592623146757,48.395052099441344,368.38967227563927,0.9905
line,Ggaba Road,light rail,roads as assumed,7.5,154,6.862474536474511,4.524110886263033,13.06802219781435,285.7915028504505,182.12572879272622,435.16647768128354,267.12,169.41327936029526,397.625639640785,0.024012171348794506,0.013154476253050133,0.05171771127559773,-278.929028313976,-427.91432907566383,-173.84815687927374,0.0
line,Ggaba Road,light rail,roads 1.5x slower,7.5,154,53.09143420216287,35.00071791373338,101.10056321230354,285.7915028504505,182.12572879272622,435.16647768128354,267.12,169.41327936029526,397.625639640785,0.1857698135621081,0.10176941375020562,0.40011331928168437,-232.70006864828764,-374.7968850329982,-116.00599578498675,0.0
line,Ggaba Road,light rail,roads 2x slower,7.5,154,119.53113379041295,78.8013275319756,227.61986239813507,285.7915028504505,182.12572879272622,435.16647768128354,267.12,169.41327936029526,397.625639640785,0.4182459331303542,0.22912572609033324,0.9008232574066884,-166.26036906003756,-311.3728028030822,-21.87057730429045,0.029
line,Ggaba Road,light rail,roads 3x slower,7.5,154,265.2970229697431,174.89801139971735,505.19785053566653,285.7915028504505,182.12572879272622,435.16647768128354,267.12,169.41327936029526,397.625639640785,0.9282887011114821,0.5085400856661296,1.9993596716897282,-20.494479880707388,-192.70705052708308,239.63886594603014,0.498
line,Mutundwe Road,BRT,roads as assumed,3.3,192,0.0,0.0,0.0,42.17502096542064,31.618767288984746,70.60225737394666,38.76,29.048034241915015,63.25727883064634,0.0,0.0,0.0,-42.17502096542064,-70.60225737394667,-31.61876728898475,0.0
line,Mutundwe Road,BRT,roads 1.5x slower,3.3,192,3.33162894931983,2.1963883025714313,6.344329706898894,42.17502096542064,31.618767288984746,70.60225737394666,38.76,29.048034241915015,63.25727883064634,0.07899531222643463,0.03953924744741863,0.1481114860615311,-38.843392016100815,-67.31408394763707,-27.455032572506653,0.0
line,Mutundwe Road,BRT,roads 2x slower,3.3,192,19.657953443914693,12.959576127324356,37.43410202883635,42.17502096542064,31.618767288984746,70.60225737394666,38.76,29.048034241915015,63.25727883064634,0.46610417716288216,0.23329749421449228,0.8739174565345909,-22.51706752150595,-50.80130222375537,-4.839053879612525,0.024
line,Mutundwe Road,BRT,roads 3x slower,3.3,192,64.18701065083542,42.3155163780482,122.22956537590049,42.17502096542064,31.618767288984746,70.60225737394666,38.76,29.048034241915015,63.25727883064634,1.5219200650418747,0.7617613292595515,2.8535091025918207,22.011989685414775,-14.174308334693146,73.95462198368483,0.8365
line,Mutundwe Road,light rail,roads as assumed,3.3,192,0.0,0.0,0.0,128.91808762992707,83.87944553073855,195.0442946180777,121.26,78.20171427766651,179.7193578865294,0.0,0.0,0.0,-128.91808762992707,-195.0442946180777,-83.87944553073855,0.0
line,Mutundwe Road,light rail,roads 1.5x slower,3.3,192,5.722485413420277,3.772568978978863,10.89717215149958,128.91808762992707,83.87944553073855,195.0442946180777,121.26,78.20171427766651,179.7193578865294,0.04438853785860735,0.024399343927127178,0.09598070523999125,-123.1956022165068,-188.75354485028018,-76.4155479641393,0.0
line,Mutundwe Road,light rail,roads 2x slower,3.3,192,23.27315992840604,15.342913934356641,44.31844066469031,128.91808762992707,83.87944553073855,195.0442946180777,121.26,78.20171427766651,179.7193578865294,0.18052672325712815,0.09923132910614359,0.39035037081141466,-105.64492770152103,-168.7809261663381,-54.283237608826106,0.0
line,Mutundwe Road,light rail,roads 3x slower,3.3,192,69.05486811401886,45.524668823702115,131.49929294232987,128.91808762992707,83.87944553073855,195.0442946180777,121.26,78.20171427766651,179.7193578865294,0.5356491814573616,0.2944338613786538,1.158226620603417,-59.86321951590821,-126.0623596158762,15.705826979852326,0.0995
line,Nsanji - Buloba Road,BRT,roads as assumed,4.7,225,0.0,0.0,0.0,58.83119769365524,43.814427876465665,99.13834082259358,53.75,39.830949594708855,88.50889705059646,0.0,0.0,0.0,-58.83119769365524,-99.13834082259359,-43.814427876465665,0.0
line,Nsanji - Buloba Road,BRT,roads 1.5x slower,4.7,225,2.738807883714363,1.8055688944618933,5.215436797571743,58.83119769365524,43.814427876465665,99.13834082259358,53.75,39.830949594708855,88.50889705059646,0.04655366525046514,0.023263454422308243,0.087183999066737,-56.092389809940876,-96.74082584639565,-40.53921579829243,0.0
line,Nsanji - Buloba Road,BRT,roads 2x slower,4.7,225,13.226604874050404,8.719686576750826,25.187061194489605,58.83119769365524,43.814427876465665,99.13834082259358,53.75,39.830949594708855,88.50889705059646,0.22482297475777638,0.11234687963292059,0.42104023208499497,-45.60459281960484,-85.18455298661036,-26.43110502639026,0.0
line,Nsanji - Buloba Road,BRT,roads 3x slower,4.7,225,40.150744157289466,26.469521710877366,76.45796179169145,58.83119769365524,43.814427876465665,99.13834082259358,53.75,39.830949594708855,88.50889705059646,0.6824736828640087,0.34104071785353307,1.278111714937285,-18.680453536365775,-59.36839133341298,14.36789897444838,0.164
line,Nsanji - Buloba Road,light rail,roads as assumed,4.7,225,0.0,0.0,0.0,182.3743532461341,118.29450414494373,276.33400283752474,171.25,109.81466260795715,254.2090736289,0.0,0.0,0.0,-182.3743532461341,-276.33400283752474,-118.29450414494374,0.0
line,Nsanji - Buloba Road,light rail,roads 1.5x slower,4.7,225,4.957754572012155,3.2684174362245852,9.440916167195617,182.3743532461341,118.29450414494373,276.33400283752474,171.25,109.81466260795715,254.2090736289,0.027184494331399352,0.014931046639335654,0.05867763421315225,-177.41659867412193,-270.97083058736916,-111.80900408324189,0.0
line,Nsanji - Buloba Road,light rail,roads 2x slower,4.7,225,16.16982502155741,10.660014987331092,30.791754664206326,182.3743532461341,118.29450414494373,276.33400283752474,171.25,109.81466260795715,254.2090736289,0.088662823109423,0.04869793533341093,0.19137838796254478,-166.20452822457668,-258.2891278697084,-97.1468534999996,0.0
line,Nsanji - Buloba Road,light rail,roads 3x slower,4.7,225,43.615836975471275,28.75389654641617,83.05644308656701,182.3743532461341,118.29450414494373,276.33400283752474,171.25,109.81466260795715,254.2090736289,0.2391555402343604,0.131355856090737,0.5162163819877182,-138.75851627066282,-228.60666517108322,-62.79805695306996,0.0005
line,Kireka Road,BRT,roads as assumed,4.2,399,0.0,0.0,0.0,57.62265053820234,43.9682233445556,94.98561512762423,53.97,41.33372301049933,85.98143355264986,0.0,0.0,0.0,-57.62265053820234,-94.98561512762423,-43.968223344555604,0.0
line,Kireka Road,BRT,roads 1.5x slower,4.2,399,6.507118845507264,4.289841375832712,12.391328093814762,57.62265053820234,43.9682233445556,94.98561512762423,53.97,41.33372301049933,85.98143355264986,0.1129264062782605,0.05750916712989057,0.20977832862701343,-51.11553169269508,-87.60976711130394,-36.09403839851389,0.0
line,Kireka Road,BRT,roads 2x slower,4.2,399,20.984387393791046,13.834032453631888,39.959993849459956,57.62265053820234,43.9682233445556,94.98561512762423,53.97,41.33372301049933,85.98143355264986,0.36416907583726876,0.18545759965351022,0.6765005863955587,-36.6382631444113,-72.7084149601542,-15.709445386439716,0.003
line,Kireka Road,BRT,roads 3x slower,4.2,399,56.95171401932765,37.5456211919944,108.45158827947995,57.62265053820234,43.9682233445556,94.98561512762423,53.97,41.33372301049933,85.98143355264986,0.9883563752689599,0.5033326911083832,1.8360253843630017,-0.6709365188746901,-41.68292391744843,44.57388876051102,0.478
line,Kireka Road,light rail,roads as assumed,4.2,399,0.07231936057745753,0.0476767971577992,0.1377157764790003,168.02291720211963,110.93043797550766,253.35256683102705,158.97,105.09023500269974,234.1135818032546,0.00043041367083552346,0.00023750722931916186,0.0009194373074224642,-167.95059784154216,-253.23937878761316,-110.82179677408617,0.0
line,Kireka Road,light rail,roads 1.5x slower,4.2,399,8.760460820050232,5.775365133089591,16.682305464453158,168.02291720211963,110.93043797550766,253.35256683102705,158.97,105.09023500269974,234.1135818032546,0.05213848780825547,0.028770619102760225,0.11137673845359863,-159.2624563820694,-242.71896285593203,-99.99033448577732,0.0
line,Kireka Road,light rail,roads 2x slower,4.2,399,23.97136246893527,15.803206456774877,45.64800862879872,168.02291720211963,110.93043797550766,253.35256683102705,158.97,105.09023500269974,234.1135818032546,0.1426672198537026,0.07872541789005841,0.3047616127645332,-144.05155473318436,-226.0496929103744,-80.4018771991674,0.0
line,Kireka Road,light rail,roads 3x slower,4.2,399,59.79879030280795,39.42256641629414,113.87319762369549,168.02291720211963,110.93043797550766,253.35256683102705,158.97,105.09023500269974,234.1135818032546,0.35589663183192005,0.1963878674818448,0.7602561513835117,-108.22412689931167,-190.4377784697538,-31.13418473925159,0.01
line,Namugongo Road,BRT,roads as assumed,3.9,176,0.0,0.0,0.0,48.54432556581253,36.03666827603833,82.01796461381629,44.28,32.748699360689585,73.08861573182958,0.0,0.0,0.0,-48.54432556581253,-82.01796461381629,-36.03666827603833,0.0
line,Namugongo Road,BRT,roads 1.5x slower,3.9,176,0.0,0.0,0.0,48.54432556581253,36.03666827603833,82.01796461381629,44.28,32.748699360689585,73.08861573182958,0.0,0.0,0.0,-48.54432556581253,-82.01796461381629,-36.03666827603833,0.0
line,Namugongo Road,BRT,roads 2x slower,3.9,176,9.382515598092176,6.1854569706962135,17.866867331240755,48.54432556581253,36.03666827603833,82.01796461381629,44.28,32.748699360689585,73.08861573182958,0.19327728810182168,0.09624162549730099,0.3629553847432773,-39.16180996772035,-71.98236205163306,-23.961193943512473,0.0
line,Namugongo Road,BRT,roads 3x slower,3.9,176,47.70403392372314,31.44905500863982,90.84148450054049,48.54432556581253,36.03666827603833,82.01796461381629,44.28,32.748699360689585,73.08861573182958,0.9826902190462984,0.4893265265160926,1.8453937865141379,-0.8402916420893902,-36.73620764848275,37.59861635600148,0.466
line,Namugongo Road,light rail,roads as assumed,3.9,176,0.0,0.0,0.0,151.05885889659285,97.76296697664446,229.05186764894356,141.78,90.75055401742425,210.5233737006066,0.0,0.0,0.0,-151.05885889659285,-229.05186764894358,-97.76296697664446,0.0
line,Namugongo Road,light rail,roads 1.5x slower,3.9,176,0.0,0.0,0.0,151.05885889659285,97.76296697664446,229.05186764894356,141.78,90.75055401742425,210.5233737006066,0.0,0.0,0.0,-151.05885889659285,-229.05186764894358,-97.76296697664446,0.0
line,Namugongo Road,light rail,roads 2x slower,3.9,176,9.693880239769692,6.390725224519755,18.4597904856262,151.05885889659285,97.76296697664446,229.05186764894356,141.78,90.75055401742425,210.5233737006066,0.06417286818249848,0.035253044445405904,0.13838801058274397,-141.36497865682315,-218.17527653983782,-84.99435083304448,0.0
line,Namugongo Road,light rail,roads 3x slower,3.9,176,48.887155641294896,32.229032233151365,93.0944707645721,151.05885889659285,97.76296697664446,229.05186764894356,141.78,90.75055401742425,210.5233737006066,0.3236298486456894,0.17778444008020775,0.6979038367414885,-102.17170325529796,-176.91473998599744,-33.33702900383942,0.006
line,Lubiri Ring Road,BRT,roads as assumed,3.5,87,0.0,0.0,0.0,41.755253625888976,30.5128688640122,71.85166839522819,37.61,27.18423350654678,63.18746257972242,0.0,0.0,0.0,-41.755253625888976,-71.8516683952282,-30.5128688640122,0.0
line,Lubiri Ring Road,BRT,roads 1.5x slower,3.5,87,0.0,0.0,0.0,41.755253625888976,30.5128688640122,71.85166839522819,37.61,27.18423350654678,63.18746257972242,0.0,0.0,0.0,-41.755253625888976,-71.8516683952282,-30.5128688640122,0.0
line,Lubiri Ring Road,BRT,roads 2x slower,3.5,87,0.0,0.0,0.0,41.755253625888976,30.5128688640122,71.85166839522819,37.61,27.18423350654678,63.18746257972242,0.0,0.0,0.0,-41.755253625888976,-71.8516683952282,-30.5128688640122,0.0
line,Lubiri Ring Road,BRT,roads 3x slower,3.5,87,6.520108686607826,4.298404975044849,12.416064292243764,41.755253625888976,30.5128688640122,71.85166839522819,37.61,27.18423350654678,63.18746257972242,0.15615061867484972,0.07703435958144245,0.2963191426878911,-35.23514493928115,-64.72100478450648,-21.902612812993194,0.0
line,Lubiri Ring Road,light rail,roads as assumed,3.5,87,0.0,0.0,0.0,133.75547584582006,85.36037872725565,203.6953043253899,125.11,79.4666295158358,186.159112004982,0.0,0.0,0.0,-133.75547584582006,-203.6953043253899,-85.36037872725566,0.0
line,Lubiri Ring Road,light rail,roads 1.5x slower,3.5,87,0.0,0.0,0.0,133.75547584582006,85.36037872725565,203.6953043253899,125.11,79.4666295158358,186.159112004982,0.0,0.0,0.0,-133.75547584582006,-203.6953043253899,-85.36037872725566,0.0
line,Lubiri Ring Road,light rail,roads 2x slower,3.5,87,0.0,0.0,0.0,133.75547584582006,85.36037872725565,203.6953043253899,125.11,79.4666295158358,186.159112004982,0.0,0.0,0.0,-133.75547584582006,-203.6953043253899,-85.36037872725566,0.0
line,Lubiri Ring Road,light rail,roads 3x slower,3.5,87,5.931592252453401,3.9104234106177183,11.29536857462299,133.75547584582006,85.36037872725565,203.6953043253899,125.11,79.4666295158358,186.159112004982,0.04434653770205825,0.024298093452716715,0.09525759355040431,-127.82388359336666,-196.95587073140737,-78.09003346714685,0.0
line,Old Jinja Road,BRT,roads as assumed,4.3,268,0.0,0.0,0.0,55.40993870927106,41.78729042995758,92.60998076935772,51.04,38.30449246814131,83.08698614094739,0.0,0.0,0.0,-55.40993870927106,-92.60998076935773,-41.78729042995758,0.0
line,Old Jinja Road,BRT,roads 1.5x slower,4.3,268,3.7416423409155333,2.4666910976597896,7.125106972343789,55.40993870927106,41.78729042995758,92.60998076935772,51.04,38.30449246814131,83.08698614094739,0.06752655621128652,0.03384676402328968,0.12623315622787087,-51.66829636835553,-88.93778094143553,-36.922864151056,0.0
line,Old Jinja Road,BRT,roads 2x slower,4.3,268,9.184840225222857,6.055138774017903,17.49043953586061,55.40993870927106,41.78729042995758,92.60998076935772,51.04,38.30449246814131,83.08698614094739,0.16576160232579487,0.0830857391940538,0.3098723141974311,-46.2250984840482,-82.84652510266278,-29.76250000076171,0.0
line,Old Jinja Road,BRT,roads 3x slower,4.3,268,20.344075300589523,13.411904415697185,38.740665077744744,55.40993870927106,41.78729042995758,92.60998076935772,51.04,38.30449246814131,83.08698614094739,0.36715570842502304,0.18403178423585045,0.6863555096242857,-35.06586340868154,-71.61016917314677,-14.494302115168963,0.004
line,Old Jinja Road,light rail,roads as assumed,4.3,268,0.0,0.0,0.0,168.43878315090063,109.72185920753888,254.8221727779474,158.54,102.4590567163235,234.69506140244184,0.0,0.0,0.0,-168.43878315090063,-254.8221727779474,-109.72185920753888,0.0
line,Old Jinja Road,light rail,roads 1.5x slower,4.3,268,4.79129482049565,3.158678249586037,9.123931424112273,168.43878315090063,109.72185920753888,254.8221727779474,158.54,102.4590567163235,234.69506140244184,0.028445318416977835,0.01564888298785428,0.06160179665007538,-163.647488330405,-249.4518456408127,-103.66048671700239,0.0
line,Old Jinja Road,light rail,roads 2x slower,4.3,268,10.294810339292711,6.786890542246662,19.60412520601934,168.43878315090063,109.72185920753888,254.8221727779474,158.54,102.4590567163235,234.69506140244184,0.061119002089143656,0.03362395519737155,0.13236063252868224,-158.1439728116079,-242.91819673752977,-96.19038891046712,0.0
line,Old Jinja Road,light rail,roads 3x slower,4.3,268,21.628910317120113,14.258936496390948,41.1873411895918,168.43878315090063,109.72185920753888,254.8221727779474,158.54,102.4590567163235,234.69506140244184,0.1284081368466266,0.07064234186958111,0.2780834377835507,-146.80987283378053,-230.49623332447305,-82.17393093889726,0.0
line,Bishop Tucker Road,BRT,roads as assumed,7.6,333,0.0,0.0,0.0,94.34471539171065,70.00243554486833,159.4853355775489,85.99,63.54167421774974,142.0925563761239,0.0,0.0,0.0,-94.34471539171065,-159.4853355775489,-70.00243554486833,0.0
line,Bishop Tucker Road,BRT,roads 1.5x slower,7.6,333,1.8237313975013523,1.2023014475612561,3.4728817219979464,94.34471539171065,70.00243554486833,159.4853355775489,85.99,63.54167421774974,142.0925563761239,0.019330509291690435,0.009619224323758026,0.0363349355133054,-92.5209839942093,-157.7585985734264,-67.78605066958761,0.0
line,Bishop Tucker Road,BRT,roads 2x slower,7.6,333,5.100745162789911,3.3626844946934344,9.713209230642416,94.34471539171065,70.00243554486833,159.4853355775489,85.99,63.54167421774974,142.0925563761239,0.05406498012752577,0.026903749097275408,0.1016242012467949,-89.24397022892074,-154.7587471752019,-64.08691498247414,0.0
line,Bishop Tucker Road,BRT,roads 3x slower,7.6,333,12.130151777994225,7.996845950999969,23.09911561130855,94.34471539171065,70.00243554486833,159.4853355775489,85.99,63.54167421774974,142.0925563761239,0.12857266808883722,0.06398017339265127,0.24167390177297218,-82.21456361371642,-146.7296492712387,-54.58293837784453,0.0
line,Bishop Tucker Road,light rail,roads as assumed,7.6,333,0.0,0.0,0.0,294.11662649784665,190.14309550054614,446.12769208652514,275.99,176.62868803255114,409.8629002992781,0.0,0.0,0.0,-294.11662649784665,-446.12769208652514,-190.14309550054617,0.0
line,Bishop Tucker Road,light rail,roads 1.5x slower,7.6,333,2.6510428135410975,1.7477094580014556,5.048308179589841,294.11662649784665,190.14309550054614,446.12769208652514,275.99,176.62868803255114,409.8629002992781,0.00901357684231601,0.0049512188091911545,0.019428999020999618,-291.46558368430556,-442.77254980963835,-186.49464455760008,0.0
line,Bishop Tucker Road,light rail,roads 2x slower,7.6,333,6.022245973082328,3.970187200224182,11.467997970505875,294.11662649784665,190.14309550054614,446.12769208652514,275.99,176.62868803255114,409.8629002992781,0.020475707357286786,0.01124744473502961,0.04413591908723114,-288.09438052476435,-439.3455702340018,-182.46450855146406,0.0
line,Bishop Tucker Road,light rail,roads 3x slower,7.6,333,13.087266949418726,8.62782755150491,24.92172380308566,294.11662649784665,190.14309550054614,446.12769208652514,275.99,176.62868803255114,409.8629002992781,0.044496862028011,0.024442427692940465,0.09591414195539749,-281.0293595484279,-431.2223180723642,-173.05484544729885,0.0
line,Kampala Road,BRT,roads as assumed,3.9,78,0.0,0.0,0.0,46.04397958366967,33.43397426936131,79.7142985896406,41.34,29.771863267572215,69.76617470181691,0.0,0.0,0.0,-46.04397958366967,-79.7142985896406,-33.43397426936131,0.0
line,Kampala Road,BRT,roads 1.5x slower,3.9,78,0.0,0.0,0.0,46.04397958366967,33.43397426936131,79.7142985896406,41.34,29.771863267572215,69.76617470181691,0.0,0.0,0.0,-46.04397958366967,-79.7142985896406,-33.43397426936131,0.0
line,Kampala Road,BRT,roads 2x slower,3.9,78,0.10687213197795245,0.07045583530397852,0.20351367215901006,46.04397958366967,33.43397426936131,79.7142985896406,41.34,29.771863267572215,69.76617470181691,0.0023210880758850953,0.0011419037701407445,0.004423729070081369,-45.937107451691716,-79.6039708270753,-33.3228156407131,0.0
line,Kampala Road,BRT,roads 3x slower,3.9,78,18.577475287999132,12.247267038005939,35.37657708638143,46.04397958366967,33.43397426936131,79.7142985896406,41.34,29.771863267572215,69.76617470181691,0.4034724073804422,0.19849598467296478,0.768972378105023,-27.466504295670536,-60.07774288204116,-8.331415637237427,0.012
line,Kampala Road,light rail,roads as assumed,3.9,78,0.0,0.0,0.0,148.55851291445,94.654748112886,226.21617483235477,138.84,88.03643520316162,206.68249051678177,0.0,0.0,0.0,-148.55851291445,-226.2161748323548,-94.654748112886,0.0
line,Kampala Road,light rail,roads 1.5x slower,3.9,78,0.0,0.0,0.0,148.55851291445,94.654748112886,226.21617483235477,138.84,88.03643520316162,206.68249051678177,0.0,0.0,0.0,-148.55851291445,-226.2161748323548,-94.654748112886,0.0
line,Kampala Road,light rail,roads 2x slower,3.9,78,0.12944004129527356,0.08533381025019107,0.24648912341198081,148.55851291445,94.654748112886,226.21617483235477,138.84,88.03643520316162,206.68249051678177,0.0008713067918888893,0.0004773143868306907,0.0018773349241077038,-148.42907287315472,-226.07798677527526,-94.49304089540398,0.0
line,Kampala Road,light rail,roads 3x slower,3.9,78,18.37917465784032,12.116536638222895,34.99895863067971,148.55851291445,94.654748112886,226.21617483235477,138.84,88.03643520316162,206.68249051678177,0.12371673825534513,0.0677738078146113,0.26656254213277036,-130.1793382566097,-206.28134106485678,-71.8635641962627,0.0
network,efficiency network,BRT,roads as assumed,101.79804728719508,1522,1.092683886891647,0.720355761126119,2.080767981461952,1188.7298114832479,857.8919534981516,2066.501214257873,1063.6404728719508,760.2635632039821,1803.6029355405112,0.0009192028973583503,0.00045082974208432604,0.0017726855914324024,-1187.6371275963563,-2064.6196198029747,-856.5738987649111,0.0
network,efficiency network,light rail,roads as assumed,101.79804728719508,1522,73.88421858097382,48.70843539434717,140.69569269110247,3864.5706606195326,2455.825647507745,5890.654484384793,3608.5916550518273,2284.2097919075254,5382.822979941443,0.019118351058725207,0.010472263176538208,0.04133987215486989,-3790.6864420385587,-5815.049335904476,-2372.062851554156,0.0
network,efficiency network,BRT,roads 1.5x slower,101.79804728719508,1522,572.2831778068298,377.27973211120695,1089.7831724206892,1188.7298114832479,857.8919534981516,2066.501214257873,1063.6404728719508,760.2635632039821,1803.6029355405112,0.4814240984608256,0.2361179482419106,0.9284278423865077,-616.4466336764181,-1468.5346724387227,-81.38312080305758,0.032
network,efficiency network,light rail,roads 1.5x slower,101.79804728719508,1522,875.8543429950047,577.4101086807254,1667.8654231030298,3864.5706606195326,2455.825647507745,5890.654484384793,3608.5916550518273,2284.2097919075254,5382.822979941443,0.2266369074112351,0.12414257550961788,0.49006008672906276,-2988.716317624528,-4916.84766934074,-1349.379904242363,0.0005
network,efficiency network,BRT,roads 2x slower,101.79804728719508,1522,1581.3521972474675,1042.5120927674295,3011.3256532109194,1188.7298114832479,857.8919534981516,2066.501214257873,1063.6404728719508,760.2635632039821,1803.6029355405112,1.3302873217878852,0.6524490859452501,2.5654631578899925,392.62238576421964,-592.2618766324407,1663.827867365184,0.7445
network,efficiency network,light rail,roads 2x slower,101.79804728719508,1522,1932.5818010856822,1274.0614654983108,3680.1625625636366,3864.5706606195326,2455.825647507745,5890.654484384793,3608.5916550518273,2284.2097919075254,5382.822979941443,0.500076715061504,0.2739218959049689,1.081322725206215,-1931.9888595338505,-3932.4196422472337,282.65769997449604,0.0745
network,efficiency network,BRT,roads 3x slower,101.79804728719508,1522,3879.8519480676705,2557.806275571159,7388.29573969231,1188.7298114832479,857.8919534981516,2066.501214257873,1063.6404728719508,760.2635632039821,1803.6029355405112,3.263863588334301,1.6007856197536916,6.2943708859802285,2691.1221365844226,1021.9461898418444,5978.312408716785,0.998
network,efficiency network,light rail,roads 3x slower,101.79804728719508,1522,4280.334573495347,2821.825878970278,8150.923828308356,3864.5706606195326,2455.825647507745,5890.654484384793,3608.5916550518273,2284.2097919075254,5382.822979941443,1.1075834677089753,0.6066896422292498,2.3949428910104733,415.76391287581464,-2022.7990005803722,4470.6668396912955,0.6625
network,equity network,BRT,roads as assumed,82.36081981852993,1618,1.092683886891647,0.720355761126119,2.080767981461952,971.6186591372254,705.0941932078326,1682.9080846763807,872.1481981852993,628.1386208185681,1472.341882069196,0.0011246015878924398,0.0005531453550154658,0.0021451649186254793,-970.5259752503338,-1681.620948072465,-704.1691111635897,0.0
network,equity network,light rail,roads as assumed,82.36081981852993,1618,43.98456773647556,28.996983619613033,83.75860696990239,3136.5368664287844,1998.2228354335787,4776.280359940238,2931.1686936485476,1858.3461394005628,4363.590053714775,0.014023290530155877,0.00768205772008084,0.030222401513522817,-3092.552298692309,-4728.66867469616,-1945.5921233772979,0.0
network,equity network,BRT,roads 1.5x slower,82.36081981852993,1618,409.6346950546933,270.0531380390441,780.0561239998021,971.6186591372254,705.0941932078326,1682.9080846763807,872.1481981852993,628.1386208185681,1472.341882069196,0.4216002762014053,0.2073678687321481,0.8041977994046428,-561.9839640825321,-1253.7995125244731,-148.49727999389256,0.0175
network,equity network,light rail,roads 1.5x slower,82.36081981852993,1618,633.6931145232568,417.7644525639898,1206.7244320073391,3136.5368664287844,1998.2228354335787,4776.280359940238,2931.1686936485476,1858.3461394005628,4363.590053714775,0.2020359209884788,0.11067670624277752,0.4354192556403027,-2502.843751905528,-4067.1888677299044,-1206.4547539630682,0.0
network,equity network,BRT,roads 2x slower,82.36081981852993,1618,1177.2938895004945,776.1352080085667,2241.8884907436627,971.6186591372254,705.0941932078326,1682.9080846763807,872.1481981852993,628.1386208185681,1472.341882069196,1.211683080011971,0.5959771662029326,2.3112718883892867,205.67523036326907,-575.1416971431453,1164.6275790204058,0.668
network,equity network,light rail,roads 2x slower,82.36081981852993,1618,1441.6039144686285,950.3825374450846,2745.2068280329527,3136.5368664287844,1998.2228354335787,4776.280359940238,2931.1686936485476,1858.3461394005628,4363.590053714775,0.45961644191034745,0.2517811371204775,0.9905458793540985,-1694.9329519601558,-3301.7216300422965,-24.941307904577013,0.049
network,equity network,BRT,roads 3x slower,82.36081981852993,1618,2953.002296501391,1946.777327297017,5623.321347972813,971.6186591372254,705.0941932078326,1682.9080846763807,872.1481981852993,628.1386208185681,1472.341882069196,3.039260587197438,1.494887518023521,5.797355490521132,1981.3836373641655,690.1708761926536,4475.461024157364,0.995
network,equity network,light rail,roads 3x slower,82.36081981852993,1618,3253.226053248459,2144.7009128775576,6195.029220494471,3136.5368664287844,1998.2228354335787,4776.280359940238,2931.1686936485476,1858.3461394005628,4363.590053714775,1.0372031931359171,0.5681872439273855,2.2353363703513884,116.68918681967443,-1818.443678949287,3233.8700162717028,0.606
