route,landuse,buildings,m2,name
A1,planned / larger-plot,165,24606.703,Jinja Road (A1)
A1,dense small-plot,83,8848.2074,Jinja Road (A1)
A1,commercial / industrial,42,10705.0283,Jinja Road (A1)
A1,peri-urban,5,1670.1607,Jinja Road (A1)
A2,planned / larger-plot,226,17735.4881,Kampala - Masaka Road (A2)
A2,dense small-plot,33,2092.9356,Kampala - Masaka Road (A2)
A2,wetland / water,3,83.911,Kampala - Masaka Road (A2)
A3,planned / larger-plot,202,21879.4003,Entebbe Road (A3)
A3,dense small-plot,88,9361.3249,Entebbe Road (A3)
A3,peri-urban,6,132.9605,Entebbe Road (A3)
A3,commercial / industrial,6,153.21630000000002,Entebbe Road (A3)
A3,wetland / water,1,7.9993,Entebbe Road (A3)
A5,planned / larger-plot,246,10108.8964,Fort Portal - Kampala Road (A5)
A5,dense small-plot,103,4375.2399000000005,Fort Portal - Kampala Road (A5)
A5,peri-urban,13,362.18729999999994,Fort Portal - Kampala Road (A5)
A5,wetland / water,6,157.07729999999998,Fort Portal - Kampala Road (A5)
A6,planned / larger-plot,111,6955.578200000001,Gulu - Kampala Road (A6)
A6,dense small-plot,65,7121.135299999999,Gulu - Kampala Road (A6)
A6,peri-urban,36,1883.2081,Gulu - Kampala Road (A6)
A6,wetland / water,4,46.41159999999999,Gulu - Kampala Road (A6)
A6,rural / open,3,195.3564,Gulu - Kampala Road (A6)
A6,commercial / industrial,1,25.7157,Gulu - Kampala Road (A6)
A9,planned / larger-plot,156,10181.3302,Nansana - Busunju Road (A9)
A9,dense small-plot,84,6026.391299999999,Nansana - Busunju Road (A9)
A9,peri-urban,4,123.1439,Nansana - Busunju Road (A9)
A9,wetland / water,3,289.87,Nansana - Busunju Road (A9)
A9,rural / open,1,16.4609,Nansana - Busunju Road (A9)
Bishop Tucker Road,planned / larger-plot,296,24423.4923,Bishop Tucker Road
Bishop Tucker Road,commercial / industrial,24,3325.5353,Bishop Tucker Road
Bishop Tucker Road,peri-urban,9,1147.8463,Bishop Tucker Road
Bishop Tucker Road,rural / open,2,49.7279,Bishop Tucker Road
Bishop Tucker Road,institutional,2,352.4849,Bishop Tucker Road
Bwaise I 14302,dense small-plot,143,12578.0947,Bombo Road (Bwaise I 14302)
Bwaise I 14302,planned / larger-plot,65,6367.0428,Bombo Road (Bwaise I 14302)
Bwaise I 14302,commercial / industrial,2,346.9954,Bombo Road (Bwaise I 14302)
Gayaza Road,planned / larger-plot,288,19703.7249,Gayaza Road
Gayaza Road,dense small-plot,46,3153.8570999999997,Gayaza Road
Gayaza Road,wetland / water,7,716.2042000000001,Gayaza Road
Gayaza Road,peri-urban,4,123.3363,Gayaza Road
Ggaba Road,planned / larger-plot,115,10196.246899999998,Ggaba Road
Ggaba Road,dense small-plot,38,6642.078600000002,Ggaba Road
Ggaba Road,wetland / water,1,18.6768,Ggaba Road
Kampala Road,planned / larger-plot,67,34706.43350000001,Kampala Road
Kampala Road,commercial / industrial,11,3136.2987000000003,Kampala Road
Kireka Road,dense small-plot,268,16550.309699999998,Kireka Road
Kireka Road,wetland / water,79,3148.3801999999996,Kireka Road
Kireka Road,planned / larger-plot,52,4660.672099999999,Kireka Road
Lubiri Ring Road,planned / larger-plot,42,6195.967099999999,Lubiri Ring Road
Lubiri Ring Road,dense small-plot,33,3232.9721,Lubiri Ring Road
Lubiri Ring Road,peri-urban,10,297.0831,Lubiri Ring Road
Lubiri Ring Road,rural / open,2,73.93950000000001,Lubiri Ring Road
M20,planned / larger-plot,13,10765.6165,Northern Bypass (M20)
M20,dense small-plot,5,127.42580000000001,Northern Bypass (M20)
M20,wetland / water,1,74.9955,Northern Bypass (M20)
M20,peri-urban,1,19.0354,Northern Bypass (M20)
Mbogo Road,planned / larger-plot,363,24950.195,Mbogo Road
Mbogo Road,peri-urban,20,708.6126,Mbogo Road
Mbogo Road,wetland / water,1,33.8828,Mbogo Road
Mutundwe Road,planned / larger-plot,164,10589.5563,Mutundwe Road
Mutundwe Road,dense small-plot,28,2277.9453,Mutundwe Road
Namugongo Road,planned / larger-plot,143,11954.6489,Namugongo Road
Namugongo Road,dense small-plot,33,3577.6186,Namugongo Road
Nsanji - Buloba Road,planned / larger-plot,172,11172.5298,Nsanji - Buloba Road
Nsanji - Buloba Road,dense small-plot,40,3012.1252999999997,Nsanji - Buloba Road
Nsanji - Buloba Road,peri-urban,10,617.2399,Nsanji - Buloba Road
Nsanji - Buloba Road,wetland / water,3,39.2241,Nsanji - Buloba Road
Old Jinja Road,planned / larger-plot,144,8663.7333,Old Jinja Road
Old Jinja Road,dense small-plot,74,5439.3701,Old Jinja Road
Old Jinja Road,commercial / industrial,50,3481.8725,Old Jinja Road
