,commercial / industrial,farm / forest / grass,institutional,residential,wetland / water,all classes
pop,0.04422088321259181,0.05560038707036935,0.030515991453016957,0.11579843830081742,0.032687067017292515,0.27882276705408804
img_grad,0.024471787700497464,0.05217814357352154,0.020836292056922875,0.055649360636691264,0.08464321398835097,0.2377787979559841
coverage,0.007993691231511911,0.03881258121471708,0.00960919924210796,0.060790860097252715,0.03512460768442016,0.15233093947000984
bld_ha,0.012327702388229809,0.027194332737439594,0.013160397051474381,0.06022384492859915,0.020306139871077274,0.1332124169768202
mean_m2,0.01991446532530914,0.013620726344696615,0.017033372956119532,0.026254056572644575,0.016641035615282816,0.09346365681405269
img_b_sd,0.019601397811740966,0.022478695656874104,0.011515914509205805,0.024389801180692765,0.01498065309725318,0.09296646225576681
img_bright,0.023192828437493956,0.025504522024553836,0.00628338123190855,0.01928940414768194,0.014087752744847068,0.08835788858648534
img_g_sd,0.020517833081634098,0.01875749725223099,0.010208673118781793,0.02064149480540032,0.012998641643507327,0.08312413990155453
img_r_sd,0.022775337912622196,0.01940880795650149,0.004480417968511472,0.02189011611330355,0.013790602100664306,0.08234528205160302
img_exg,0.0033290585125213047,0.010136226686011367,0.011878877099104209,0.024734884450173193,0.0210101509802189,0.07108919772802898
size_spread,0.013956568565923871,0.007307478123006169,0.012719426285881321,0.02075503855568941,0.013169988780132818,0.06790850031063358
img_g,0.010770800736121458,0.013589098161615444,0.008026156423041829,0.010708666620910575,0.01597584068434622,0.059070562626035536
img_r,0.008460862561866884,0.012914981395524433,0.00797828268978889,0.006782463112079125,0.0214074038205012,0.05754399357976053
img_b,0.00791647054688542,0.012332285892173925,0.010534129212651941,0.009328348249236052,0.015621382656622667,0.05573261655757001
med_m2,0.0031881478777793233,0.013398607287755835,0.009337609999654651,0.019246132841264862,0.010046522418287424,0.055217020424742094
small_share,0.0027251130061217424,0.004370336643163578,0.008139836753943601,0.011495404267419755,0.006075273171550698,0.03280596384219937
img_red,0.005434103910337938,0.005457119353160755,0.006895280755601958,0.006800228426363854,0.007010061436304093,0.0315967938817686
img_veg,0.0026523642377082927,0.0040341552218783275,0.009143305942290214,0.008801126079446473,0.0056966525390088375,0.030327604020332147
