corridor,year,area_km2,buildings
kampala_bwera,2016,815.1,140883.4
kampala_bwera,2017,815.1,149045.4
kampala_bwera,2018,815.1,157154.5
kampala_bwera,2019,815.1,163456.3
kampala_bwera,2020,815.1,169790.8
kampala_bwera,2021,815.1,184953.4
kampala_bwera,2022,815.1,200880.1
kampala_bwera,2023,815.1,215552.0
kampala_elegu,2016,864.2,170391.1
kampala_elegu,2017,864.2,173216.3
kampala_elegu,2018,864.2,183118.1
kampala_elegu,2019,864.2,189004.8
kampala_elegu,2020,864.2,193323.0
kampala_elegu,2021,864.2,207285.6
kampala_elegu,2022,864.2,217782.3
kampala_elegu,2023,864.2,228787.8
kampala_hoima,2016,391.6,110117.1
kampala_hoima,2017,391.6,113733.8
kampala_hoima,2018,391.6,121783.3
kampala_hoima,2019,391.6,125464.0
kampala_hoima,2020,391.6,130499.7
kampala_hoima,2021,391.6,141252.6
kampala_hoima,2022,391.6,163588.2
kampala_hoima,2023,391.6,166770.7
kampala_katuna,2016,820.2,200606.9
kampala_katuna,2017,820.2,206004.9
kampala_katuna,2018,820.2,217077.0
kampala_katuna,2019,820.2,223253.8
kampala_katuna,2020,820.2,230613.2
kampala_katuna,2021,820.2,250736.5
kampala_katuna,2022,820.2,279531.4
kampala_katuna,2023,820.2,290112.0
kampala_malaba,2016,435.4,180782.8
kampala_malaba,2017,435.4,189315.3
kampala_malaba,2018,435.4,194428.9
kampala_malaba,2019,435.4,201029.7
kampala_malaba,2020,435.4,206277.9
kampala_malaba,2021,435.4,222901.0
kampala_malaba,2022,435.4,243488.5
kampala_malaba,2023,435.4,256875.5
