corridor,km_from,km_to,place,road_type,people_300m,truck_kmh,crossings,schools,markets,exposure,exposure_share_of_corridor
kampala_malaba,0.0,2.0,Community Flats,town,11639.0,48.02,12,4,0,15.47,0.04
kampala_malaba,4.0,6.0,K 10,town,10418.0,47.18,0,2,1,13.05,0.03
kampala_malaba,2.0,4.0,Nakawa Vocation Institute,town,9410.0,45.35,19,6,2,10.25,0.03
kampala_malaba,6.0,8.0,Kireka,town,10927.0,41.08,0,1,4,7.62,0.02
kampala_malaba,78.0,80.0,Railways,town,3864.0,52.28,0,17,0,7.12,0.02
kampala_malaba,86.0,88.0,Mwiri Primary LC I,roadside settlement,2312.0,60.88,0,11,0,6.85,0.02
kampala_malaba,76.0,78.0,Mvule,roadside settlement,3352.0,53.08,0,2,0,6.84,0.02
kampala_malaba,10.0,12.0,Namanve,roadside settlement,5549.0,48.58,0,0,0,6.75,0.02
kampala_malaba,72.0,74.0,Naava Road,roadside settlement,2747.0,55.08,0,9,0,6.28,0.02
kampala_malaba,16.0,18.0,Kigunga,roadside settlement,3409.0,50.98,0,9,0,5.93,0.01
kampala_elegu,10.0,12.0,Wattuba,roadside settlement,5384.0,55.35,0,0,0,4.88,0.02
kampala_elegu,18.0,20.0,Kigoogwa,roadside settlement,4353.0,55.72,0,0,0,4.12,0.02
kampala_elegu,16.0,18.0,Kiryamuli,roadside settlement,2926.0,60.65,0,0,0,3.85,0.02
kampala_elegu,8.0,10.0,Kawanda,town,6570.0,48.5,0,2,0,3.59,0.02
kampala_elegu,22.0,24.0,Kakerenge,roadside settlement,2619.0,62.05,0,0,0,3.43,0.02
kampala_elegu,0.0,2.0,Bishop-mukwaya,town,15899.0,38.7,2,63,9,3.42,0.02
kampala_katuna,0.0,2.0,Mutaawe Zone,town,13851.0,42.15,0,18,0,3.13,0.02
kampala_elegu,2.0,4.0,Corner,town,12985.0,39.55,0,37,9,3.08,0.02
kampala_elegu,20.0,22.0,Kigoogwa,roadside settlement,4715.0,49.38,0,0,0,3.01,0.01
kampala_elegu,4.0,6.0,Kawempe B,town,9888.0,40.05,0,15,7,2.45,0.01
kampala_elegu,6.0,8.0,Kagoma,town,7549.0,43.55,0,0,0,2.37,0.01
kampala_bwera,358.0,360.0,Industrial Zone,roadside settlement,3181.0,57.48,0,10,0,2.22,0.02
kampala_katuna,4.0,6.0,Kitaka,town,13802.0,38.88,0,2,2,2.17,0.02
kampala_hoima,0.0,2.0,Namugoona Roundabout,town,13501.0,41.7,0,21,0,2.14,0.03
kampala_katuna,2.0,4.0,Kabusu,town,13727.0,38.7,0,2,0,2.12,0.02
kampala_katuna,10.0,12.0,Kiyanja,town,6919.0,45.47,0,2,0,2.01,0.02
kampala_hoima,32.0,34.0,Gobero,roadside settlement,3090.0,55.92,0,2,0,1.96,0.02
kampala_hoima,8.0,10.0,Kayunga,roadside settlement,6857.0,45.05,0,8,0,1.77,0.02
kampala_bwera,398.0,400.0,Omunkunyu,roadside settlement,2180.0,59.95,0,0,0,1.71,0.01
kampala_katuna,12.0,14.0,Kitemu,town,8748.0,41.08,0,3,0,1.71,0.01
kampala_katuna,6.0,8.0,Busega,town,5865.0,47.12,0,4,4,1.68,0.01
kampala_bwera,400.0,402.0,Omunkunyu,roadside settlement,1968.0,60.42,0,1,0,1.68,0.01
kampala_hoima,24.0,26.0,Bulonda,roadside settlement,3446.0,52.12,0,0,0,1.66,0.02
kampala_bwera,6.0,8.0,Kalambi Kiwumu,roadside settlement,7246.0,43.2,0,0,0,1.64,0.01
kampala_hoima,4.0,6.0,Nansana,town,10103.0,39.85,0,0,0,1.63,0.02
kampala_bwera,356.0,358.0,Kasese,town,4298.0,49.25,1,17,0,1.63,0.01
kampala_hoima,42.0,44.0,Namayumba,roadside settlement,2315.0,57.12,0,0,0,1.59,0.02
kampala_katuna,266.0,268.0,Nyamitanga,roadside settlement,1654.0,61.4,0,6,0,1.59,0.01
kampala_hoima,22.0,24.0,Kambe,roadside settlement,3931.0,50.55,0,0,0,1.56,0.02
kampala_hoima,44.0,46.0,Kyanuna,roadside settlement,1627.0,63.0,0,0,0,1.54,0.02
kampala_hoima,26.0,28.0,Kikandwa,roadside settlement,3256.0,52.0,0,0,0,1.53,0.02
kampala_hoima,40.0,42.0,Kavule,roadside settlement,3563.0,52.88,0,0,0,1.53,0.02
kampala_katuna,8.0,10.0,Central(kyengera),town,8709.0,39.7,0,0,0,1.51,0.01
kampala_katuna,14.0,16.0,Nsangi,town,8209.0,40.22,0,6,0,1.48,0.01
kampala_bwera,396.0,398.0,Omunkunyu,roadside settlement,1240.0,65.53,0,0,0,1.46,0.01
kampala_bwera,4.0,6.0,Bulaga Kalambi,roadside settlement,8613.0,40.2,0,2,0,1.44,0.01
kampala_katuna,264.0,266.0,Kashanyarazi,town,2578.0,53.0,0,11,0,1.42,0.01
kampala_bwera,0.0,2.0,Bulenga A,town,6660.0,43.53,1,1,4,1.39,0.01
kampala_bwera,10.0,12.0,Buloba Bunwa Kapeeka,roadside settlement,5290.0,45.18,0,0,0,1.37,0.01
kampala_bwera,412.0,414.0,Bwera,roadside settlement,3727.0,48.5,0,18,0,1.37,0.01
