corridor,vehicle,direction,minutes,open_road_minutes,wet_extra,p5,p95
kampala_bwera,car,outbound,341.4,278.6,37.1,308.5,392.9
kampala_elegu,car,outbound,346.5,287.1,36.9,317.2,396.7
kampala_hoima,car,outbound,163.9,129.6,17.6,148.0,191.1
kampala_katuna,car,outbound,363.5,283.7,38.5,330.6,418.2
kampala_malaba,car,outbound,214.8,142.6,21.1,194.0,250.5
kampala_bwera,car,inbound,341.4,278.6,37.1,308.5,392.9
kampala_elegu,car,inbound,346.5,287.1,36.9,317.2,396.7
kampala_hoima,car,inbound,163.9,129.6,17.6,148.0,191.1
kampala_katuna,car,inbound,363.5,283.7,38.5,330.6,418.2
kampala_malaba,car,inbound,214.8,142.6,21.1,194.0,250.5
kampala_bwera,truck,outbound,482.2,358.3,52.1,432.9,570.4
kampala_elegu,truck,outbound,476.1,369.4,48.3,442.2,592.7
kampala_hoima,truck,outbound,225.6,166.7,23.9,203.8,272.4
kampala_katuna,truck,outbound,525.9,365.1,52.8,488.7,647.4
kampala_malaba,truck,outbound,303.9,185.1,27.2,287.9,401.8
kampala_bwera,truck,inbound,480.5,358.3,51.9,432.4,567.6
kampala_elegu,truck,inbound,479.7,369.4,48.7,445.7,595.0
kampala_hoima,truck,inbound,225.5,166.7,23.9,203.8,272.2
kampala_katuna,truck,inbound,518.0,365.1,51.9,482.3,639.0
kampala_malaba,truck,inbound,306.2,185.1,27.4,289.6,404.2
