corridor,km_from,km_to,scenes_used,trucks_per_km_mean,trucks_per_km_max,trucks_per_km_low,trucks_per_km_high
kampala_malaba,0.0,5.0,5,0.04,0.2,0.0,0.36
kampala_malaba,5.0,10.0,5,0.04,0.2,0.0,0.16
kampala_malaba,10.0,15.0,4,0.0,0.0,0.0,0.3
kampala_malaba,15.0,20.0,5,0.12,0.4,0.0,0.44
kampala_malaba,20.0,25.0,5,0.0,0.0,0.0,0.04
kampala_malaba,25.0,30.0,5,0.04,0.2,0.04,0.08
kampala_malaba,30.0,35.0,5,0.0,0.0,0.0,0.24
kampala_malaba,35.0,40.0,5,0.12,0.6,0.04,0.32
kampala_malaba,40.0,45.0,5,0.0,0.0,0.0,0.12
kampala_malaba,45.0,50.0,4,0.05,0.2,0.0,0.2
kampala_malaba,50.0,55.0,5,0.08,0.2,0.0,0.16
kampala_malaba,55.0,60.0,6,0.067,0.2,0.0,0.133
kampala_malaba,60.0,65.0,6,0.0,0.0,0.0,0.0
kampala_malaba,65.0,70.0,6,0.033,0.2,0.0,0.1
kampala_malaba,70.0,75.0,6,0.0,0.0,0.0,0.2
kampala_malaba,75.0,80.0,6,0.133,0.2,0.067,0.267
kampala_malaba,80.0,85.0,6,0.067,0.2,0.033,0.267
kampala_malaba,85.0,90.0,5,0.0,0.0,0.0,0.12
kampala_malaba,90.0,95.0,5,0.16,0.4,0.08,0.32
kampala_malaba,95.0,100.0,6,0.0,0.0,0.0,0.033
kampala_malaba,100.0,105.0,6,0.0,0.0,0.0,0.033
kampala_malaba,105.0,110.0,6,0.0,0.0,0.0,0.133
kampala_malaba,110.0,115.0,6,0.033,0.2,0.0,0.167
kampala_malaba,115.0,120.0,6,0.0,0.0,0.0,0.033
kampala_malaba,120.0,125.0,6,0.0,0.0,0.0,0.0
kampala_malaba,125.0,130.0,6,0.167,0.4,0.1,0.333
kampala_malaba,130.0,135.0,6,0.033,0.2,0.0,0.133
kampala_malaba,135.0,140.0,6,0.1,0.4,0.0,0.233
kampala_malaba,140.0,145.0,6,0.0,0.0,0.0,0.167
kampala_malaba,145.0,150.0,6,0.267,0.6,0.067,1.1
kampala_malaba,150.0,155.0,6,0.0,0.0,0.0,0.133
kampala_malaba,155.0,160.0,6,0.067,0.2,0.033,0.4
kampala_malaba,160.0,165.0,6,0.133,0.2,0.033,0.3
kampala_malaba,165.0,170.0,6,0.133,0.2,0.033,0.3
kampala_malaba,170.0,175.0,6,0.0,0.0,0.0,0.033
kampala_malaba,175.0,180.0,6,0.067,0.4,0.067,0.133
kampala_malaba,180.0,185.0,6,0.067,0.2,0.033,0.1
kampala_malaba,185.0,190.0,6,0.0,0.0,0.0,0.0
kampala_malaba,190.0,195.0,6,0.033,0.2,0.033,0.033
kampala_malaba,195.0,200.0,6,0.033,0.2,0.0,0.1
kampala_malaba,200.0,205.0,6,0.067,0.4,0.0,0.1
kampala_malaba,205.0,210.0,6,0.0,0.0,0.0,0.3
kampala_malaba,210.0,215.0,6,0.0,0.0,0.0,0.067
kampala_malaba,215.0,220.0,6,0.285,1.707,0.0,0.854
kampala_elegu,0.0,5.0,4,0.0,0.0,0.0,0.05
kampala_elegu,5.0,10.0,6,0.0,0.0,0.0,0.133
kampala_elegu,10.0,15.0,5,0.0,0.0,0.0,0.08
kampala_elegu,15.0,20.0,6,0.033,0.2,0.033,0.167
kampala_elegu,20.0,25.0,6,0.0,0.0,0.0,0.0
kampala_elegu,25.0,30.0,6,0.0,0.0,0.0,0.0
kampala_elegu,30.0,35.0,6,0.0,0.0,0.0,0.0
kampala_elegu,35.0,40.0,5,0.0,0.0,0.0,0.0
kampala_elegu,40.0,45.0,6,0.033,0.2,0.0,0.1
kampala_elegu,45.0,50.0,6,0.033,0.2,0.0,0.133
kampala_elegu,50.0,55.0,6,0.0,0.0,0.0,0.033
kampala_elegu,55.0,60.0,6,0.033,0.2,0.033,0.133
kampala_elegu,60.0,65.0,6,0.033,0.2,0.0,0.067
kampala_elegu,65.0,70.0,6,0.0,0.0,0.0,0.167
kampala_elegu,70.0,75.0,6,0.067,0.2,0.0,0.067
kampala_elegu,75.0,80.0,6,0.0,0.0,0.0,0.0
kampala_elegu,80.0,85.0,6,0.033,0.2,0.033,0.1
kampala_elegu,85.0,90.0,6,0.1,0.4,0.1,0.133
kampala_elegu,90.0,95.0,6,0.0,0.0,0.0,0.0
kampala_elegu,95.0,100.0,6,0.0,0.0,0.0,0.033
kampala_elegu,100.0,105.0,6,0.0,0.0,0.0,0.0
kampala_elegu,105.0,110.0,6,0.067,0.4,0.067,0.133
kampala_elegu,110.0,115.0,6,0.033,0.2,0.033,0.1
kampala_elegu,115.0,120.0,6,0.033,0.2,0.033,0.2
kampala_elegu,120.0,125.0,6,0.033,0.2,0.0,0.067
kampala_elegu,125.0,130.0,6,0.033,0.2,0.033,0.133
kampala_elegu,130.0,135.0,6,0.0,0.0,0.0,0.033
kampala_elegu,135.0,140.0,6,0.0,0.0,0.0,0.067
kampala_elegu,140.0,145.0,6,0.0,0.0,0.0,0.067
kampala_elegu,145.0,150.0,6,0.0,0.0,0.0,0.0
kampala_elegu,150.0,155.0,6,0.0,0.0,0.0,0.067
kampala_elegu,155.0,160.0,6,0.0,0.0,0.0,0.033
kampala_elegu,160.0,165.0,6,0.067,0.4,0.033,0.2
kampala_elegu,165.0,170.0,6,0.033,0.2,0.0,0.133
kampala_elegu,170.0,175.0,6,0.033,0.2,0.0,0.167
kampala_elegu,175.0,180.0,6,0.033,0.2,0.0,0.067
kampala_elegu,180.0,185.0,6,0.033,0.2,0.0,0.033
kampala_elegu,185.0,190.0,6,0.067,0.2,0.033,0.233
kampala_elegu,190.0,195.0,6,0.0,0.0,0.0,0.033
kampala_elegu,195.0,200.0,6,0.0,0.0,0.0,0.0
kampala_elegu,200.0,205.0,6,0.0,0.0,0.0,0.0
kampala_elegu,205.0,210.0,6,0.033,0.2,0.0,0.067
kampala_elegu,210.0,215.0,6,0.0,0.0,0.0,0.067
kampala_elegu,215.0,220.0,6,0.033,0.2,0.0,0.1
kampala_elegu,220.0,225.0,6,0.0,0.0,0.0,0.033
kampala_elegu,225.0,230.0,6,0.0,0.0,0.0,0.033
kampala_elegu,230.0,235.0,6,0.067,0.2,0.033,0.133
kampala_elegu,235.0,240.0,6,0.0,0.0,0.0,0.0
kampala_elegu,240.0,245.0,6,0.033,0.2,0.0,0.267
kampala_elegu,245.0,250.0,6,0.067,0.4,0.033,0.267
kampala_elegu,250.0,255.0,6,0.033,0.2,0.0,0.1
kampala_elegu,255.0,260.0,6,0.033,0.2,0.0,0.1
kampala_elegu,260.0,265.0,6,0.133,0.6,0.0,0.333
kampala_elegu,265.0,270.0,6,0.0,0.0,0.0,0.1
kampala_elegu,270.0,275.0,6,0.033,0.2,0.0,0.067
kampala_elegu,275.0,280.0,6,0.0,0.0,0.0,0.067
kampala_elegu,280.0,285.0,6,0.0,0.0,0.0,0.1
kampala_elegu,285.0,290.0,4,0.05,0.2,0.05,0.25
kampala_elegu,290.0,295.0,6,0.0,0.0,0.0,0.067
kampala_elegu,295.0,300.0,6,0.1,0.6,0.033,0.2
kampala_elegu,300.0,305.0,6,0.0,0.0,0.0,0.033
kampala_elegu,305.0,310.0,6,0.0,0.0,0.0,0.033
kampala_elegu,310.0,315.0,6,0.0,0.0,0.0,0.067
kampala_elegu,315.0,320.0,6,0.0,0.0,0.0,0.0
kampala_elegu,320.0,325.0,6,0.0,0.0,0.0,0.0
kampala_elegu,325.0,330.0,6,0.0,0.0,0.0,0.0
kampala_elegu,330.0,335.0,6,0.0,0.0,0.0,0.1
kampala_elegu,335.0,340.0,6,0.033,0.2,0.0,0.1
kampala_elegu,340.0,345.0,6,0.033,0.2,0.0,0.067
kampala_elegu,345.0,350.0,6,0.1,0.2,0.067,0.267
kampala_elegu,350.0,355.0,6,0.167,0.4,0.033,0.533
kampala_elegu,355.0,360.0,6,0.167,0.6,0.133,0.533
kampala_elegu,360.0,365.0,6,0.033,0.2,0.033,0.2
kampala_elegu,365.0,370.0,6,0.133,0.8,0.0,0.5
kampala_elegu,370.0,375.0,6,0.167,0.6,0.1,0.467
kampala_elegu,375.0,380.0,6,0.033,0.2,0.0,0.167
kampala_elegu,380.0,385.0,6,0.133,0.4,0.067,0.6
kampala_elegu,385.0,390.0,6,0.0,0.0,0.0,0.067
kampala_elegu,390.0,395.0,6,0.233,0.6,0.1,0.533
kampala_elegu,395.0,400.0,6,0.2,0.6,0.2,0.267
kampala_elegu,400.0,405.0,6,0.067,0.4,0.0,0.167
kampala_elegu,405.0,410.0,6,0.067,0.2,0.067,0.2
kampala_elegu,410.0,415.0,6,0.033,0.2,0.033,0.033
kampala_elegu,415.0,420.0,6,0.067,0.2,0.067,0.267
kampala_elegu,420.0,425.0,6,0.033,0.2,0.033,0.133
kampala_elegu,425.0,430.0,6,0.033,0.2,0.0,0.067
kampala_elegu,430.0,435.0,6,0.0,0.0,0.0,0.0
kampala_katuna,0.0,5.0,6,0.0,0.0,0.0,0.133
kampala_katuna,5.0,10.0,6,0.0,0.0,0.0,0.0
kampala_katuna,10.0,15.0,4,0.05,0.2,0.0,0.05
kampala_katuna,15.0,20.0,5,0.0,0.0,0.0,0.16
kampala_katuna,20.0,25.0,5,0.0,0.0,0.0,0.0
kampala_katuna,25.0,30.0,6,0.0,0.0,0.0,0.1
kampala_katuna,30.0,35.0,4,0.0,0.0,0.0,0.05
kampala_katuna,35.0,40.0,4,0.0,0.0,0.0,0.0
kampala_katuna,40.0,45.0,4,0.0,0.0,0.0,0.0
kampala_katuna,45.0,50.0,4,0.0,0.0,0.0,0.0
kampala_katuna,50.0,55.0,3,0.0,0.0,0.0,0.0
kampala_katuna,55.0,60.0,5,0.08,0.2,0.0,0.16
kampala_katuna,60.0,65.0,6,0.067,0.4,0.033,0.1
kampala_katuna,65.0,70.0,6,0.0,0.0,0.0,0.267
kampala_katuna,70.0,75.0,6,0.067,0.2,0.067,0.133
kampala_katuna,75.0,80.0,6,0.067,0.4,0.033,0.1
kampala_katuna,80.0,85.0,6,0.033,0.2,0.0,0.267
kampala_katuna,85.0,90.0,6,0.0,0.0,0.0,0.067
kampala_katuna,90.0,95.0,6,0.0,0.0,0.0,0.0
kampala_katuna,95.0,100.0,6,0.0,0.0,0.0,0.0
kampala_katuna,100.0,105.0,6,0.033,0.2,0.033,0.267
kampala_katuna,105.0,110.0,6,0.033,0.2,0.0,0.267
kampala_katuna,110.0,115.0,6,0.233,0.8,0.067,0.467
kampala_katuna,115.0,120.0,6,0.0,0.0,0.0,0.067
kampala_katuna,120.0,125.0,6,0.067,0.2,0.033,0.267
kampala_katuna,125.0,130.0,6,0.2,0.8,0.067,0.667
kampala_katuna,130.0,135.0,6,0.0,0.0,0.0,0.0
kampala_katuna,135.0,140.0,6,0.067,0.2,0.033,0.233
kampala_katuna,140.0,145.0,6,0.067,0.2,0.067,0.333
kampala_katuna,145.0,150.0,6,0.0,0.0,0.0,0.0
kampala_katuna,150.0,155.0,6,0.0,0.0,0.0,0.033
kampala_katuna,155.0,160.0,6,0.0,0.0,0.0,0.133
kampala_katuna,160.0,165.0,6,0.033,0.2,0.0,0.133
kampala_katuna,165.0,170.0,6,0.067,0.2,0.0,0.133
kampala_katuna,170.0,175.0,6,0.133,0.2,0.033,0.367
kampala_katuna,175.0,180.0,6,0.0,0.0,0.0,0.0
kampala_katuna,180.0,185.0,6,0.1,0.4,0.067,0.233
kampala_katuna,185.0,190.0,6,0.1,0.2,0.033,0.167
kampala_katuna,190.0,195.0,6,0.033,0.2,0.0,0.033
kampala_katuna,195.0,200.0,6,0.0,0.0,0.0,0.033
kampala_katuna,200.0,205.0,6,0.2,0.4,0.033,0.567
kampala_katuna,205.0,210.0,6,0.267,0.8,0.133,0.533
kampala_katuna,210.0,215.0,6,0.033,0.2,0.033,0.067
kampala_katuna,215.0,220.0,6,0.0,0.0,0.0,0.367
kampala_katuna,220.0,225.0,6,0.0,0.0,0.0,0.233
kampala_katuna,225.0,230.0,6,0.033,0.2,0.0,0.167
kampala_katuna,230.0,235.0,6,0.067,0.2,0.0,0.5
kampala_katuna,235.0,240.0,6,0.233,1.2,0.1,0.6
kampala_katuna,240.0,245.0,6,0.3,1.0,0.2,0.567
kampala_katuna,245.0,250.0,6,0.067,0.2,0.033,0.267
kampala_katuna,250.0,255.0,6,0.1,0.2,0.033,0.333
kampala_katuna,255.0,260.0,6,0.0,0.0,0.0,0.067
kampala_katuna,260.0,265.0,6,0.067,0.2,0.033,0.333
kampala_katuna,265.0,270.0,6,0.0,0.0,0.0,0.033
kampala_katuna,270.0,275.0,6,0.0,0.0,0.0,0.0
kampala_katuna,275.0,280.0,6,0.033,0.2,0.0,0.133
kampala_katuna,280.0,285.0,6,0.033,0.2,0.0,0.033
kampala_katuna,285.0,290.0,6,0.0,0.0,0.0,0.133
kampala_katuna,290.0,295.0,6,0.1,0.4,0.0,0.067
kampala_katuna,295.0,300.0,6,0.033,0.2,0.0,0.133
kampala_katuna,300.0,305.0,6,0.0,0.0,0.0,0.067
kampala_katuna,305.0,310.0,6,0.067,0.4,0.033,0.133
kampala_katuna,310.0,315.0,6,0.133,0.4,0.1,0.3
kampala_katuna,315.0,320.0,6,0.033,0.2,0.033,0.233
kampala_katuna,320.0,325.0,6,0.0,0.0,0.0,0.033
kampala_katuna,325.0,330.0,6,0.0,0.0,0.0,0.167
kampala_katuna,330.0,335.0,6,0.033,0.2,0.0,0.467
kampala_katuna,335.0,340.0,6,0.167,0.4,0.033,0.333
kampala_katuna,340.0,345.0,6,0.0,0.0,0.0,0.0
kampala_katuna,345.0,350.0,6,0.0,0.0,0.0,0.033
kampala_katuna,350.0,355.0,6,0.0,0.0,0.0,0.2
kampala_katuna,355.0,360.0,6,0.0,0.0,0.0,0.167
kampala_katuna,360.0,365.0,6,0.033,0.2,0.0,0.2
kampala_katuna,365.0,370.0,6,0.0,0.0,0.0,0.033
kampala_katuna,370.0,375.0,6,0.033,0.2,0.0,0.267
kampala_katuna,375.0,380.0,6,0.067,0.4,0.0,0.133
kampala_katuna,380.0,385.0,6,0.067,0.2,0.033,0.233
kampala_katuna,385.0,390.0,6,0.033,0.2,0.033,0.333
kampala_katuna,390.0,395.0,6,0.0,0.0,0.0,0.0
kampala_katuna,395.0,400.0,6,0.0,0.0,0.0,0.0
kampala_katuna,400.0,405.0,6,0.0,0.0,0.0,0.033
kampala_katuna,405.0,410.0,5,0.0,0.0,0.0,0.04
kampala_katuna,410.0,415.0,5,0.0,0.0,0.0,0.0
kampala_katuna,415.0,420.0,6,0.0,0.0,0.0,0.133
kampala_katuna,420.0,425.0,6,0.0,0.0,0.0,0.1
kampala_katuna,425.0,430.0,6,0.0,0.0,0.0,0.0
kampala_hoima,0.0,5.0,6,0.0,0.0,0.0,0.033
kampala_hoima,5.0,10.0,6,0.033,0.2,0.0,0.2
kampala_hoima,10.0,15.0,6,0.0,0.0,0.0,0.033
kampala_hoima,15.0,20.0,5,0.0,0.0,0.0,0.0
kampala_hoima,20.0,25.0,4,0.0,0.0,0.0,0.25
kampala_hoima,25.0,30.0,5,0.0,0.0,0.0,0.16
kampala_hoima,30.0,35.0,4,0.0,0.0,0.0,0.0
kampala_hoima,35.0,40.0,5,0.0,0.0,0.0,0.04
kampala_hoima,40.0,45.0,6,0.067,0.4,0.067,0.133
kampala_hoima,45.0,50.0,6,0.0,0.0,0.0,0.033
kampala_hoima,50.0,55.0,6,0.0,0.0,0.0,0.0
kampala_hoima,55.0,60.0,6,0.033,0.2,0.033,0.033
kampala_hoima,60.0,65.0,6,0.0,0.0,0.0,0.033
kampala_hoima,65.0,70.0,6,0.0,0.0,0.0,0.0
kampala_hoima,70.0,75.0,6,0.0,0.0,0.0,0.033
kampala_hoima,75.0,80.0,6,0.0,0.0,0.0,0.0
kampala_hoima,80.0,85.0,6,0.033,0.2,0.033,0.067
kampala_hoima,85.0,90.0,6,0.0,0.0,0.0,0.067
kampala_hoima,90.0,95.0,6,0.0,0.0,0.0,0.167
kampala_hoima,95.0,100.0,6,0.0,0.0,0.0,0.0
kampala_hoima,100.0,105.0,6,0.0,0.0,0.0,0.1
kampala_hoima,105.0,110.0,6,0.0,0.0,0.0,0.033
kampala_hoima,110.0,115.0,6,0.0,0.0,0.0,0.0
kampala_hoima,115.0,120.0,6,0.0,0.0,0.0,0.0
kampala_hoima,120.0,125.0,6,0.0,0.0,0.0,0.1
kampala_hoima,125.0,130.0,6,0.0,0.0,0.0,0.0
kampala_hoima,130.0,135.0,6,0.0,0.0,0.0,0.1
kampala_hoima,135.0,140.0,6,0.0,0.0,0.0,0.033
kampala_hoima,140.0,145.0,6,0.033,0.2,0.0,0.1
kampala_hoima,145.0,150.0,6,0.0,0.0,0.0,0.033
kampala_hoima,150.0,155.0,6,0.033,0.2,0.033,0.133
kampala_hoima,155.0,160.0,6,0.0,0.0,0.0,0.0
kampala_hoima,160.0,165.0,6,0.033,0.2,0.033,0.133
kampala_hoima,165.0,170.0,6,0.0,0.0,0.0,0.067
kampala_hoima,170.0,175.0,6,0.033,0.2,0.0,0.067
kampala_hoima,175.0,180.0,6,0.1,0.4,0.0,0.1
kampala_hoima,180.0,185.0,6,0.067,0.2,0.033,0.133
kampala_hoima,185.0,190.0,6,0.0,0.0,0.0,0.033
kampala_hoima,190.0,195.0,6,0.0,0.0,0.0,0.078
