corridor,chunk_km,scenes,trucks_per_km,candidates_per_km
kampala_elegu,0.0,4,0.0,0.05
kampala_elegu,5.0,6,0.0005,0.1333
kampala_elegu,10.0,5,0.0,0.08
kampala_elegu,15.0,6,0.0335,0.1667
kampala_elegu,20.0,6,0.0,0.0
kampala_elegu,25.0,6,0.0,0.0
kampala_elegu,30.0,6,0.0,0.0
kampala_elegu,35.0,5,0.0,0.0
kampala_elegu,40.0,6,0.0252,0.1
kampala_elegu,45.0,6,0.046,0.1333
kampala_elegu,50.0,6,0.0,0.0333
kampala_elegu,55.0,6,0.0308,0.1333
kampala_elegu,60.0,6,0.0318,0.0667
kampala_elegu,65.0,6,0.1221,0.1667
kampala_elegu,70.0,6,0.0239,0.0667
kampala_elegu,75.0,6,0.0,0.0
kampala_elegu,80.0,6,0.0926,0.1
kampala_elegu,85.0,6,0.1035,0.1333
kampala_elegu,90.0,6,0.0,0.0
kampala_elegu,95.0,6,0.0064,0.0333
kampala_elegu,100.0,6,0.0,0.0
kampala_elegu,105.0,6,0.0522,0.1333
kampala_elegu,110.0,6,0.0214,0.1
kampala_elegu,115.0,6,0.0328,0.2
kampala_elegu,120.0,6,0.002,0.0667
kampala_elegu,125.0,6,0.0703,0.1333
kampala_elegu,130.0,6,0.0001,0.0333
kampala_elegu,135.0,6,0.0023,0.0667
kampala_elegu,140.0,6,0.0064,0.0667
kampala_elegu,145.0,6,0.0,0.0
kampala_elegu,150.0,6,0.0022,0.0667
kampala_elegu,155.0,6,0.0001,0.0333
kampala_elegu,160.0,6,0.1173,0.2
kampala_elegu,165.0,6,0.0065,0.1333
kampala_elegu,170.0,6,0.0236,0.1667
kampala_elegu,175.0,6,0.0,0.0667
kampala_elegu,180.0,6,0.0333,0.0333
kampala_elegu,185.0,6,0.0744,0.2333
kampala_elegu,190.0,6,0.0333,0.0333
kampala_elegu,195.0,6,0.0,0.0
kampala_elegu,200.0,6,0.0,0.0
kampala_elegu,205.0,6,0.0164,0.0667
kampala_elegu,210.0,6,0.0216,0.0667
kampala_elegu,215.0,6,0.0157,0.1
kampala_elegu,220.0,6,0.0194,0.0333
kampala_elegu,225.0,6,0.0333,0.0333
kampala_elegu,230.0,6,0.076,0.1333
kampala_elegu,235.0,6,0.0,0.0
kampala_elegu,240.0,6,0.0339,0.2667
kampala_elegu,245.0,6,0.0518,0.2667
kampala_elegu,250.0,6,0.0455,0.1
kampala_elegu,255.0,6,0.022,0.1
kampala_elegu,260.0,6,0.0943,0.3333
kampala_elegu,265.0,6,0.0047,0.1
kampala_elegu,270.0,6,0.0185,0.0667
kampala_elegu,275.0,6,0.0012,0.0667
kampala_elegu,280.0,6,0.0427,0.1
kampala_elegu,285.0,6,0.121,0.2333
kampala_elegu,290.0,6,0.0074,0.0667
kampala_elegu,295.0,6,0.0615,0.2
kampala_elegu,300.0,6,0.0001,0.0333
kampala_elegu,305.0,6,0.0,0.0333
kampala_elegu,310.0,6,0.0094,0.0667
kampala_elegu,315.0,6,0.0,0.0
kampala_elegu,320.0,6,0.0,0.0
kampala_elegu,325.0,6,0.0,0.0
kampala_elegu,330.0,6,0.0001,0.1
kampala_elegu,335.0,6,0.0383,0.1
kampala_elegu,340.0,6,0.0089,0.0667
kampala_elegu,345.0,6,0.1113,0.2667
kampala_elegu,350.0,6,0.0566,0.5333
kampala_elegu,355.0,6,0.1879,0.5333
kampala_elegu,360.0,6,0.0834,0.2
kampala_elegu,365.0,6,0.0148,0.5
kampala_elegu,370.0,6,0.2031,0.4667
kampala_elegu,375.0,6,0.0013,0.1667
kampala_elegu,380.0,6,0.076,0.6
kampala_elegu,385.0,6,0.0006,0.0667
kampala_elegu,390.0,6,0.1323,0.5333
kampala_elegu,395.0,6,0.1362,0.2667
kampala_elegu,400.0,6,0.0423,0.1667
kampala_elegu,405.0,6,0.1581,0.2
kampala_elegu,410.0,6,0.0333,0.0333
kampala_elegu,415.0,6,0.1384,0.2667
kampala_elegu,420.0,6,0.0338,0.1333
kampala_elegu,425.0,6,0.0031,0.0667
kampala_elegu,430.0,6,0.0,0.0
kampala_hoima,0.0,6,0.0001,0.0333
kampala_hoima,5.0,6,0.0204,0.2
kampala_hoima,10.0,6,0.0258,0.0333
kampala_hoima,15.0,5,0.0,0.0
kampala_hoima,20.0,4,0.0428,0.25
kampala_hoima,25.0,5,0.0115,0.16
kampala_hoima,30.0,4,0.0,0.0
kampala_hoima,35.0,5,0.04,0.04
kampala_hoima,40.0,6,0.0648,0.1333
kampala_hoima,45.0,6,0.0301,0.0333
kampala_hoima,50.0,6,0.0,0.0
kampala_hoima,55.0,6,0.033,0.0333
kampala_hoima,60.0,6,0.0318,0.0333
kampala_hoima,65.0,6,0.0,0.0
kampala_hoima,70.0,6,0.0024,0.0333
kampala_hoima,75.0,6,0.0,0.0
kampala_hoima,80.0,6,0.0616,0.0667
kampala_hoima,85.0,6,0.0413,0.0667
kampala_hoima,90.0,6,0.0053,0.1667
kampala_hoima,95.0,6,0.0,0.0
kampala_hoima,100.0,6,0.027,0.1
kampala_hoima,105.0,6,0.0,0.0333
kampala_hoima,110.0,6,0.0,0.0
kampala_hoima,115.0,6,0.0,0.0
kampala_hoima,120.0,6,0.0487,0.1
kampala_hoima,125.0,6,0.0,0.0
kampala_hoima,130.0,6,0.0253,0.1
kampala_hoima,135.0,6,0.011,0.0333
kampala_hoima,140.0,6,0.0448,0.1
kampala_hoima,145.0,6,0.006,0.0333
kampala_hoima,150.0,6,0.0581,0.1333
kampala_hoima,155.0,6,0.0,0.0
kampala_hoima,160.0,6,0.016,0.1333
kampala_hoima,165.0,6,0.0003,0.0667
kampala_hoima,170.0,6,0.0164,0.0667
kampala_hoima,175.0,6,0.0537,0.1
kampala_hoima,180.0,6,0.0502,0.1333
kampala_hoima,185.0,6,0.0061,0.0333
kampala_hoima,190.0,6,0.0001,0.0783
kampala_katuna,0.0,6,0.0003,0.1333
kampala_katuna,5.0,6,0.0,0.0
kampala_katuna,10.0,6,0.0047,0.0667
kampala_katuna,15.0,6,0.0152,0.1333
kampala_katuna,20.0,5,0.0,0.0
kampala_katuna,25.0,6,0.0272,0.1
kampala_katuna,30.0,4,0.0019,0.05
kampala_katuna,35.0,4,0.0,0.0
kampala_katuna,40.0,4,0.0,0.0
kampala_katuna,45.0,4,0.0,0.0
kampala_katuna,50.0,3,0.0,0.0
kampala_katuna,55.0,5,0.0895,0.16
kampala_katuna,60.0,6,0.027,0.1
kampala_katuna,65.0,6,0.0615,0.2667
kampala_katuna,70.0,6,0.0674,0.1333
kampala_katuna,75.0,6,0.0586,0.1
kampala_katuna,80.0,6,0.0939,0.2667
kampala_katuna,85.0,6,0.0089,0.0667
kampala_katuna,90.0,6,0.0,0.0
kampala_katuna,95.0,6,0.0,0.0
kampala_katuna,100.0,6,0.0874,0.2667
kampala_katuna,105.0,6,0.0872,0.2667
kampala_katuna,110.0,6,0.0424,0.4667
kampala_katuna,115.0,6,0.0188,0.0667
kampala_katuna,120.0,6,0.0764,0.2667
kampala_katuna,125.0,6,0.0995,0.6667
kampala_katuna,130.0,6,0.0,0.0
kampala_katuna,135.0,6,0.0571,0.2333
kampala_katuna,140.0,6,0.1,0.3333
kampala_katuna,145.0,6,0.0,0.0
kampala_katuna,150.0,6,0.0036,0.0333
kampala_katuna,155.0,6,0.0349,0.1333
kampala_katuna,160.0,6,0.1025,0.1333
kampala_katuna,165.0,6,0.0381,0.1333
kampala_katuna,170.0,6,0.0865,0.3667
kampala_katuna,175.0,6,0.0,0.0
kampala_katuna,180.0,6,0.0668,0.2333
kampala_katuna,185.0,6,0.0603,0.1667
kampala_katuna,190.0,6,0.0323,0.0333
kampala_katuna,195.0,6,0.0,0.0333
kampala_katuna,200.0,6,0.1955,0.5667
kampala_katuna,205.0,6,0.122,0.5333
kampala_katuna,210.0,6,0.0599,0.0667
kampala_katuna,215.0,6,0.0033,0.3667
kampala_katuna,220.0,6,0.0685,0.2333
kampala_katuna,225.0,6,0.0417,0.1667
kampala_katuna,230.0,6,0.0664,0.5
kampala_katuna,235.0,6,0.2093,0.6
kampala_katuna,240.0,6,0.2347,0.5667
kampala_katuna,245.0,6,0.0497,0.2667
kampala_katuna,250.0,6,0.0893,0.3333
kampala_katuna,255.0,6,0.0073,0.0667
kampala_katuna,260.0,6,0.0035,0.3333
kampala_katuna,265.0,6,0.0003,0.0333
kampala_katuna,270.0,6,0.0,0.0
kampala_katuna,275.0,6,0.0077,0.1333
kampala_katuna,280.0,6,0.0333,0.0333
kampala_katuna,285.0,6,0.0305,0.1333
kampala_katuna,290.0,6,0.0192,0.0667
kampala_katuna,295.0,6,0.0677,0.1333
kampala_katuna,300.0,6,0.0333,0.0667
kampala_katuna,305.0,6,0.0379,0.1333
kampala_katuna,310.0,6,0.1822,0.3
kampala_katuna,315.0,6,0.0522,0.2333
kampala_katuna,320.0,6,0.0,0.0333
kampala_katuna,325.0,6,0.0221,0.1667
kampala_katuna,330.0,6,0.1709,0.4667
kampala_katuna,335.0,6,0.2434,0.3333
kampala_katuna,340.0,6,0.0,0.0
kampala_katuna,345.0,6,0.001,0.0333
kampala_katuna,350.0,6,0.0016,0.2
kampala_katuna,355.0,6,0.0153,0.1667
kampala_katuna,360.0,6,0.0928,0.2
kampala_katuna,365.0,6,0.0101,0.0333
kampala_katuna,370.0,6,0.0954,0.2667
kampala_katuna,375.0,6,0.0342,0.1333
kampala_katuna,380.0,6,0.1394,0.2333
kampala_katuna,385.0,6,0.1653,0.3333
kampala_katuna,390.0,6,0.0,0.0
kampala_katuna,395.0,6,0.0,0.0
kampala_katuna,400.0,6,0.0,0.0333
kampala_katuna,405.0,5,0.0136,0.04
kampala_katuna,410.0,5,0.0,0.0
kampala_katuna,415.0,6,0.0424,0.1333
kampala_katuna,420.0,6,0.037,0.1
kampala_katuna,425.0,6,0.0,0.0
kampala_malaba,0.0,5,0.0011,0.36
kampala_malaba,5.0,5,0.0126,0.16
kampala_malaba,10.0,4,0.0029,0.3
kampala_malaba,15.0,5,0.0069,0.44
kampala_malaba,20.0,5,0.0002,0.04
kampala_malaba,25.0,5,0.0399,0.08
kampala_malaba,30.0,5,0.0124,0.24
kampala_malaba,35.0,5,0.0838,0.32
kampala_malaba,40.0,5,0.0238,0.12
kampala_malaba,45.0,4,0.0581,0.2
kampala_malaba,50.0,5,0.1451,0.16
kampala_malaba,55.0,6,0.1314,0.1333
kampala_malaba,60.0,6,0.0,0.0
kampala_malaba,65.0,6,0.0496,0.1
kampala_malaba,70.0,6,0.0378,0.2
kampala_malaba,75.0,6,0.0564,0.2667
kampala_malaba,80.0,6,0.0123,0.2667
kampala_malaba,85.0,5,0.008,0.12
kampala_malaba,90.0,5,0.107,0.32
kampala_malaba,95.0,6,0.024,0.0333
kampala_malaba,100.0,6,0.0306,0.0333
kampala_malaba,105.0,6,0.0681,0.1333
kampala_malaba,110.0,6,0.0266,0.1667
kampala_malaba,115.0,6,0.0001,0.0333
kampala_malaba,120.0,6,0.0,0.0
kampala_malaba,125.0,6,0.2258,0.3333
kampala_malaba,130.0,6,0.0161,0.1333
kampala_malaba,135.0,6,0.0822,0.2333
kampala_malaba,140.0,6,0.0667,0.1667
kampala_malaba,145.0,6,0.1822,1.1
kampala_malaba,150.0,6,0.0434,0.1333
kampala_malaba,155.0,6,0.1921,0.4
kampala_malaba,160.0,6,0.1767,0.3
kampala_malaba,165.0,6,0.0469,0.3
kampala_malaba,170.0,6,0.0019,0.0333
kampala_malaba,175.0,6,0.0836,0.1333
kampala_malaba,180.0,6,0.0717,0.1
kampala_malaba,185.0,6,0.0,0.0
kampala_malaba,190.0,6,0.0333,0.0333
kampala_malaba,195.0,6,0.0315,0.1
kampala_malaba,200.0,6,0.003,0.1
kampala_malaba,205.0,6,0.0434,0.3
kampala_malaba,210.0,6,0.0333,0.0667
kampala_malaba,215.0,6,0.2536,0.8535
