cand,label,sheet
317,1,1
492,0,1
750,0,1
791,0,1
819,1,1
388,0,1
335,1,1
893,0,1
466,0,1
453,0,1
20,0,1
320,0,1
710,0,1
304,1,1
936,0,1
1036,0,1
554,0,1
1053,0,1
872,1,1
864,0,2
303,1,2
906,1,2
640,1,2
410,0,2
237,0,2
444,0,2
355,1,2
164,0,2
895,0,2
234,0,2
769,0,2
786,0,2
142,0,2
536,0,2
853,0,2
850,0,2
369,0,2
125,0,2
424,0,3
239,0,3
1017,0,3
11,0,3
726,0,3
258,0,3
294,0,3
792,0,3
648,1,3
679,0,3
940,0,3
478,1,3
805,1,3
425,0,3
403,1,3
817,1,3
598,0,3
271,1,3
744,0,4
650,0,4
29,0,4
151,0,4
251,0,4
575,0,4
489,1,4
1003,0,4
262,1,4
27,0,4
393,0,4
662,0,4
718,0,4
334,1,4
623,0,4
979,0,4
815,0,4
228,1,4
546,0,5
230,0,5
590,1,5
176,0,5
408,0,5
944,1,5
324,1,5
624,0,5
372,0,5
92,0,5
84,0,5
730,0,5
200,0,5
103,1,5
16,0,5
387,0,5
588,0,5
81,0,5
270,1,5
192,1,5
467,0,6
663,0,6
918,1,6
905,0,6
963,0,6
721,1,6
638,0,6
465,0,6
265,1,6
1050,1,6
643,0,6
1000,0,6
401,0,6
496,0,6
281,0,6
631,0,6
603,0,6
728,0,6
642,1,6
429,0,7
670,0,7
797,0,7
723,0,7
427,0,7
1021,0,7
86,0,7
574,1,7
498,0,7
543,1,7
632,0,7
834,0,7
870,1,7
811,0,7
531,0,7
596,0,7
622,0,7
844,1,7
462,0,7
133,0,7
169,0,7
32,0,8
529,1,8
855,0,8
682,1,8
706,1,8
312,0,8
755,0,8
69,1,8
873,0,8
120,0,8
654,0,8
668,0,8
240,0,8
474,0,8
129,0,8
373,0,8
155,0,8
1048,0,8
700,0,9
150,0,9
211,1,9
881,1,9
966,0,9
949,0,9
197,0,9
688,1,9
413,0,9
802,1,9
969,1,9
477,0,9
235,0,9
537,1,9
319,0,9
570,0,9
60,1,9
806,1,9
530,0,9
874,1,9
23,0,9
987,0,10
338,0,10
617,0,10
932,0,10
377,0,10
397,0,10
566,0,10
563,0,10
232,0,10
400,0,10
973,0,10
201,0,10
188,1,10
436,0,10
633,0,10
777,0,10
869,0,10
452,1,10
77,0,10
137,0,10
347,0,10
1,0,10
268,1,10
309,0,11
485,0,11
676,0,11
695,0,11
991,0,11
143,0,11
58,1,11
859,0,11
398,0,11
238,0,11
821,0,11
261,1,11
789,0,11
685,0,11
266,1,11
500,0,11
978,0,11
600,0,11
168,0,11
646,1,11
351,0,11
793,0,11
559,0,11
407,0,12
214,0,12
800,0,12
790,0,12
595,1,12
53,0,12
1041,0,12
182,1,12
260,1,12
483,0,12
173,1,12
822,0,12
231,0,12
6,0,12
787,0,12
766,1,12
745,0,12
111,1,12
699,0,12
810,1,12
284,0,12
879,0,13
774,1,13
651,0,13
63,0,13
80,0,13
621,1,13
946,0,13
763,0,13
364,0,13
862,1,13
795,0,13
854,0,13
660,0,13
814,0,13
325,1,13
337,1,13
526,1,13
667,0,13
227,0,13
665,1,13
3,0,13
1039,0,14
620,0,14
233,0,14
661,0,14
112,1,14
829,0,14
126,0,14
780,0,14
523,0,14
838,1,14
765,1,14
89,0,14
757,0,14
279,0,14
520,0,14
839,0,14
886,1,14
414,1,14
391,0,14
612,0,15
518,0,15
68,0,15
346,0,15
343,0,15
7,0,15
158,0,15
316,0,15
174,0,15
907,0,15
737,0,15
929,0,15
286,0,15
352,1,15
379,0,15
360,0,15
167,0,15
435,1,15
1038,0,15
683,0,15
947,0,15
252,0,15
702,0,16
224,0,16
583,0,16
606,0,16
999,1,16
561,0,16
920,0,16
87,0,16
555,0,16
420,0,16
788,0,16
958,1,16
568,0,16
54,1,16
301,0,16
867,0,16
618,0,16
852,0,16
880,0,16
